2,5.64705882353,0.0,0.0,139,79,92,81,143,-5,-33
2,5.64705882353,0.0,0.0,139,79,92,81,143,-5,-33
2,5.64705882353,0.0,0.0,139,79,92,81,143,-5,-33
2,5.64705882353,0.0,0.0,139,79,92,81,143,-5,-33
2,5.64705882353,0.0,0.0,139,79,92,81,143,-5,-33
2,5.64705882353,0.0,0.0,139,79,92,81,143,-5,-33
2,5.64705882353,0.0,0.0,139,79,92,81,143,-5,-33
2,5.64705882353,0.0,0.0,139,79,92,81,143,-5,-33
2,5.64705882353,0.0,0.0,139,79,92,81,143,-5,-33
2,5.64705882353,0.0,0.0,139,79,92,81,143,-5,-33
2,5.64705882353,0.0,0.0,139,79,92,81,143,-5,-33
2,5.64705882353,0.0,0.0,139,79,92,81,143,-5,-33
2,5.64705882353,0.0,0.0,139,79,92,81,143,-5,-33
2,5.64705882353,0.0,0.0,139,79,92,81,143,-5,-33
2,5.64705882353,0.0,0.0,139,79,92,81,143,-5,-33
2,5.64705882353,0.0,0.0,139,79,92,81,143,-5,-33
2,5.64705882353,0.0,0.0,139,79,92,81,143,-5,-33
2,5.64705882353,0.0,0.0,139,79,92,81,143,-5,-33
2,5.64705882353,0.0,0.0,139,79,92,81,143,-5,-33
2,5.64705882353,0.0,0.0,139,79,92,81,143,-5,-33
2,5.64705882353,0.0,0.0,139,79,92,81,143,-5,-33
2,5.64705882353,0.0,0.0,139,79,92,81,143,-5,-33
2,5.64705882353,0.0,0.0,139,79,92,81,143,-5,-33
2,5.64705882353,0.0,0.0,139,79,92,81,143,-5,-33
2,5.64705882353,0.0,0.0,139,79,92,81,143,-5,-33
2,5.64705882353,0.0,0.0,139,79,92,81,143,-5,-33
2,5.64705882353,0.0,0.0,139,79,92,81,143,-5,-33
2,5.64705882353,0.0,0.0,139,79,92,81,143,-5,-33
2,5.64705882353,0.0,0.0,139,79,92,81,143,-5,-33
2,5.64705882353,0.0,0.0,139,79,92,81,143,-5,-33
2,5.64705882353,0.0,0.0,139,79,92,81,143,-5,-33
2,5.64705882353,0.0,0.0,139,79,92,81,143,-5,-33
2,5.64705882353,0.0,0.0,139,79,92,81,143,-5,-33
2,5.64705882353,0.0,0.0,139,79,92,81,143,-5,-33
2,5.64705882353,0.0,0.0,139,79,92,81,143,-5,-33
2,5.64705882353,0.0,0.0,139,79,92,81,143,-5,-33
2,5.64705882353,0.0,0.0,139,79,92,81,143,-5,-33
2,5.64705882353,0.0,0.0,139,79,92,81,143,-5,-33
2,5.64705882353,0.0,0.0,139,79,92,81,143,-5,-33
2,5.64705882353,0.0,0.0,139,79,92,81,143,-5,-33
2,5.64705882353,0.0,0.0,139,79,92,81,143,-5,-33
2,5.64705882353,0.0,0.0,139,79,92,81,143,-5,-33
2,5.64705882353,0.0,0.0,139,79,92,81,143,-5,-33
2,5.64705882353,0.0,0.0,139,79,92,81,143,-5,-33
2,5.64705882353,0.0,0.0,139,79,92,81,143,-5,-33
2,5.64705882353,0.0,0.0,139,79,92,81,143,-5,-33
2,5.64705882353,0.0,0.0,139,79,92,81,143,-5,-33
2,5.64705882353,0.0,0.0,139,79,92,81,143,-5,-33
2,5.64705882353,0.0,0.0,139,79,92,81,143,-5,-33
2,5.64705882353,0.0,0.0,139,79,92,81,143,-5,-33
2,5.64705882353,0.0,0.0,139,79,92,81,143,-5,-33
2,5.64705882353,0.0,0.0,139,79,92,81,143,-5,-33
2,5.64705882353,0.0,0.0,139,79,92,81,143,-5,-33
2,5.64705882353,0.0,0.0,139,79,92,81,143,-5,-33
2,5.64705882353,0.0,0.0,139,79,92,81,143,-5,-33
2,5.64705882353,0.0,0.0,139,79,92,81,143,-5,-33
2,5.64705882353,0.0,0.0,139,79,92,81,143,-5,-33
2,5.64705882353,0.0,0.0,139,79,92,81,143,-5,-33
2,5.64705882353,0.0,0.0,139,79,92,81,143,-5,-33
2,5.64705882353,0.0,0.0,139,79,92,81,143,-5,-33
2,5.64705882353,0.0,0.0,139,78,92,81,142,-5,-33
2,5.64705882353,0.0,0.0,139,79,92,81,143,-5,-33
2,5.64705882353,0.0,0.0,139,79,92,81,143,-5,-33
2,5.64705882353,0.0,0.0,139,79,92,81,143,-5,-33
2,5.64705882353,0.0,0.0,139,79,92,81,143,-5,-33
2,5.64705882353,0.0,0.0,139,79,92,81,143,-5,-33
2,5.64705882353,0.0,0.0,139,78,92,80,143,-5,-33
2,5.64705882353,0.0,0.0,139,77,92,80,144,-5,-33
2,5.64705882353,0.0,0.0,139,78,92,81,143,-5,-33
2,5.64705882353,0.0,0.0,139,78,92,80,143,-5,-34
2,5.64705882353,0.0,0.0,139,78,92,80,143,-5,-33
2,5.64705882353,0.0,0.0,139,77,92,80,144,-5,-33
2,5.64705882353,0.0,0.0,139,77,92,80,144,-5,-33
2,5.64705882353,0.0,0.0,139,78,92,80,143,-5,-33
2,5.64705882353,0.0,0.0,139,77,92,79,143,-5,-33
2,5.64705882353,0.0,0.0,138,77,91,80,144,-6,-32
2,5.64705882353,0.0,0.0,139,79,92,81,144,-5,-34
2,5.64705882353,0.0,0.0,139,79,92,81,143,-5,-33
2,5.64705882353,0.0,0.0,139,79,92,82,144,-5,-33
2,5.64705882353,0.0,0.0,139,78,92,80,144,-5,-34
2,5.64705882353,0.0,0.0,139,77,92,79,143,-5,-33
2,5.64705882353,0.0,0.0,139,76,92,79,142,-5,-33
2,5.64705882353,0.0,0.0,138,76,92,78,145,-5,-33
2,5.64705882353,0.0,0.0,138,76,92,78,145,-5,-33
2,5.64705882353,0.0,0.0,138,77,92,79,144,-5,-33
2,5.64705882353,0.0,0.0,138,77,91,79,144,-6,-33
2,5.64705882353,0.0,0.0,138,77,91,80,145,-6,-33
2,5.64705882353,0.0,0.0,137,79,91,81,144,-6,-33
2,5.64705882353,0.0,0.0,137,80,90,82,145,-6,-33
2,4.23529411765,0.0,0.0,138,80,91,82,143,-6,-34
2,4.23529411765,0.0,0.0,139,81,92,83,144,-5,-33
2,4.23529411765,0.0,0.0,139,79,93,81,145,-5,-34
2,4.23529411765,1.41176470588,0.0,141,68,95,70,145,-4,-34
2,4.23529411765,1.41176470588,0.0,142,64,95,67,145,-4,-33
2,4.23529411765,1.41176470588,0.0,142,61,95,63,144,-4,-33
2,4.23529411765,1.41176470588,0.0,140,60,94,62,146,-5,-34
2,4.23529411765,1.41176470588,0.0,139,59,92,62,145,-5,-34
2,5.64705882353,1.41176470588,0.0,136,59,89,61,143,-6,-35
2,5.64705882353,1.41176470588,0.0,135,58,88,60,144,-7,-35
2,5.64705882353,1.41176470588,0.0,134,56,87,59,145,-7,-35
2,5.64705882353,1.41176470588,0.0,134,56,88,59,144,-7,-35
2,5.64705882353,1.41176470588,0.0,135,57,89,59,145,-7,-35
2,5.64705882353,1.41176470588,0.0,139,57,92,60,144,-5,-35
2,5.64705882353,1.41176470588,0.0,141,58,94,61,145,-4,-35
2,4.23529411765,1.41176470588,0.0,145,60,99,63,144,-3,-34
2,4.23529411765,1.41176470588,0.0,148,61,102,63,146,-1,-35
2,4.23529411765,1.41176470588,0.0,148,61,102,63,146,-1,-35
2,4.23529411765,1.41176470588,0.0,148,61,101,63,145,-2,-35
2,5.64705882353,1.41176470588,0.0,146,60,99,62,145,-2,-35
2,5.64705882353,1.41176470588,0.0,143,61,96,63,143,-4,-35
2,5.64705882353,1.41176470588,0.0,142,61,95,63,144,-4,-36
2,7.05882352941,1.41176470588,0.0,140,59,93,62,144,-5,-36
2,7.05882352941,1.41176470588,0.0,137,61,90,63,144,-6,-35
2,8.47058823529,0.0,0.0,132,62,84,64,142,-8,-36
2,9.88235294118,0.0,0.0,128,60,81,63,143,-10,-37
2,9.88235294118,0.0,0.0,126,63,78,65,142,-11,-38
2,11.2941176471,0.0,0.0,123,60,76,63,142,-12,-39
2,11.2941176471,0.0,0.0,124,55,77,58,141,-11,-39
2,11.2941176471,1.41176470588,0.0,128,52,81,55,142,-10,-38
2,11.2941176471,1.41176470588,0.0,132,53,86,54,143,-8,-38
2,11.2941176471,0.0,0.0,132,59,85,61,144,-8,-38
2,12.7058823529,0.0,0.0,129,59,82,60,143,-9,-39
2,12.7058823529,0.0,0.0,127,57,80,59,144,-10,-40
2,12.7058823529,0.0,0.0,124,50,76,52,142,-12,-41
2,14.1176470588,0.0,0.0,125,46,78,48,143,-11,-42
2,12.7058823529,0.0,0.0,125,45,78,47,142,-11,-41
2,12.7058823529,0.0,0.0,126,44,79,46,143,-11,-42
2,12.7058823529,1.41176470588,0.0,127,40,80,42,143,-10,-42
2,12.7058823529,1.41176470588,0.0,127,38,80,40,143,-10,-42
2,14.1176470588,1.41176470588,0.0,126,34,79,36,143,-10,-41
2,14.1176470588,2.82352941176,0.0,127,31,80,33,142,-10,-41
2,14.1176470588,2.82352941176,0.0,127,28,80,30,144,-10,-42
2,14.1176470588,2.82352941176,0.0,126,25,79,27,142,-10,-41
2,14.1176470588,2.82352941176,0.0,127,24,79,25,142,-10,-41
2,14.1176470588,2.82352941176,0.0,127,25,80,27,142,-10,-41
2,14.1176470588,2.82352941176,0.0,127,26,80,28,142,-10,-42
2,14.1176470588,1.41176470588,0.0,126,27,79,29,143,-11,-43
2,14.1176470588,1.41176470588,0.0,126,26,79,28,143,-11,-43
2,14.1176470588,2.82352941176,0.0,126,23,79,25,142,-11,-43
2,15.5294117647,2.82352941176,0.0,125,21,78,22,141,-11,-43
2,15.5294117647,2.82352941176,0.0,125,19,78,20,142,-11,-43
2,15.5294117647,2.82352941176,0.0,126,17,78,19,140,-11,-43
2,15.5294117647,2.82352941176,0.0,126,18,79,19,143,-11,-44
2,15.5294117647,2.82352941176,0.0,126,17,79,19,142,-11,-45
2,15.5294117647,2.82352941176,0.0,126,17,79,18,142,-11,-46
2,15.5294117647,1.41176470588,0.0,126,17,79,18,142,-11,-46
2,15.5294117647,1.41176470588,0.0,125,18,78,19,142,-11,-46
2,15.5294117647,1.41176470588,0.0,124,16,78,17,142,-11,-47
2,15.5294117647,1.41176470588,0.0,124,15,77,16,142,-11,-47
2,15.5294117647,1.41176470588,0.0,125,18,78,19,142,-11,-47
2,15.5294117647,1.41176470588,0.0,125,20,78,21,142,-11,-48
2,15.5294117647,1.41176470588,0.0,125,21,78,22,142,-11,-48
2,15.5294117647,0.0,0.0,124,22,78,24,142,-11,-48
2,15.5294117647,0.0,0.0,124,25,77,27,142,-11,-49
2,15.5294117647,0.0,0.0,125,27,78,29,142,-11,-50
2,15.5294117647,0.0,0.0,125,28,78,29,142,-11,-50
2,15.5294117647,0.0,0.0,125,27,78,29,143,-11,-51
2,16.9411764706,0.0,0.0,125,27,78,29,143,-11,-51
2,16.9411764706,0.0,0.0,125,28,78,30,141,-11,-51
2,16.9411764706,0.0,0.0,125,30,78,31,141,-11,-51
2,16.9411764706,0.0,0.0,126,30,79,32,142,-11,-52
2,16.9411764706,0.0,0.0,126,32,79,33,141,-11,-52
2,16.9411764706,0.0,0.0,126,32,79,34,141,-11,-53
2,16.9411764706,0.0,0.0,126,31,79,33,141,-11,-53
2,16.9411764706,0.0,0.0,126,29,79,31,140,-11,-52
2,16.9411764706,0.0,0.0,126,29,79,30,142,-11,-53
2,16.9411764706,0.0,0.0,126,31,79,32,141,-11,-53
2,16.9411764706,0.0,0.0,126,33,79,35,142,-11,-53
2,16.9411764706,0.0,0.0,126,33,79,35,141,-11,-53
2,16.9411764706,0.0,0.0,125,31,79,33,142,-11,-53
2,16.9411764706,0.0,0.0,125,29,78,31,142,-11,-53
2,16.9411764706,0.0,0.0,125,29,78,30,142,-11,-53
2,16.9411764706,0.0,0.0,124,27,78,29,142,-11,-53
2,16.9411764706,0.0,0.0,124,27,78,28,142,-11,-53
2,16.9411764706,0.0,0.0,124,28,77,30,142,-11,-54
2,16.9411764706,0.0,0.0,123,30,76,31,141,-12,-55
2,16.9411764706,0.0,0.0,122,32,75,33,141,-12,-55
2,18.3529411765,-1.41176470588,0.0,121,32,74,33,141,-12,-56
2,18.3529411765,-1.41176470588,0.0,121,31,74,32,141,-13,-56
2,18.3529411765,0.0,0.0,120,29,73,30,140,-13,-56
2,18.3529411765,0.0,0.0,120,26,73,28,140,-13,-56
2,18.3529411765,0.0,0.0,120,25,72,27,140,-13,-56
2,18.3529411765,0.0,0.0,120,25,72,26,140,-13,-56
2,18.3529411765,0.0,0.0,120,24,72,25,140,-13,-56
2,18.3529411765,0.0,0.0,119,24,72,25,139,-13,-56
2,18.3529411765,0.0,0.0,118,25,71,26,139,-14,-56
2,18.3529411765,0.0,0.0,119,26,71,27,139,-13,-57
2,18.3529411765,-1.41176470588,0.0,120,29,73,31,140,-13,-58
2,18.3529411765,-1.41176470588,0.0,120,32,73,33,139,-13,-58
2,18.3529411765,-2.82352941176,0.0,121,32,74,34,139,-12,-60
2,18.3529411765,-2.82352941176,0.0,120,30,73,31,140,-13,-61
2,18.3529411765,-2.82352941176,0.0,120,25,73,26,139,-13,-61
2,18.3529411765,-1.41176470588,0.0,120,23,73,24,140,-13,-61
2,18.3529411765,-1.41176470588,0.0,120,19,73,20,139,-13,-61
2,18.3529411765,-1.41176470588,0.0,120,19,72,20,138,-13,-61
2,18.3529411765,-1.41176470588,0.0,120,19,72,21,139,-13,-62
2,19.7647058824,-2.82352941176,0.0,119,22,72,23,138,-13,-62
2,19.7647058824,-2.82352941176,0.0,119,22,71,23,138,-13,-62
2,19.7647058824,-2.82352941176,0.0,118,20,71,21,139,-14,-63
2,19.7647058824,-1.41176470588,0.0,118,18,71,19,139,-14,-63
2,19.7647058824,-1.41176470588,0.0,118,18,71,19,139,-14,-63
2,19.7647058824,-1.41176470588,0.0,118,25,71,26,139,-14,-59
2,19.7647058824,-1.41176470588,0.0,118,29,71,30,139,-14,-59
2,19.7647058824,-1.41176470588,1.41176470588,118,36,71,37,138,-13,-57
2,19.7647058824,0.0,1.41176470588,117,35,69,36,138,-14,-53
2,19.7647058824,0.0,1.41176470588,115,35,68,36,139,-15,-49
2,19.7647058824,0.0,1.41176470588,115,36,67,37,137,-15,-48
2,19.7647058824,0.0,1.41176470588,114,35,66,37,136,-15,-46
2,19.7647058824,0.0,1.41176470588,115,36,68,39,137,-15,-43
2,19.7647058824,0.0,1.41176470588,116,40,68,43,136,-14,-42
2,19.7647058824,0.0,0.0,117,47,69,50,137,-14,-40
2,19.7647058824,1.41176470588,0.0,118,51,71,53,137,-13,-38
2,19.7647058824,1.41176470588,0.0,119,58,71,60,138,-13,-35
2,19.7647058824,0.0,0.0,117,67,69,68,139,-14,-35
2,19.7647058824,0.0,0.0,116,70,68,71,137,-15,-35
2,19.7647058824,0.0,0.0,114,68,66,69,136,-15,-37
2,19.7647058824,0.0,0.0,114,65,66,67,139,-15,-37
2,19.7647058824,1.41176470588,1.41176470588,116,55,69,57,137,-14,-35
2,18.3529411765,2.82352941176,0.0,117,52,70,54,138,-14,-34
2,18.3529411765,2.82352941176,0.0,117,52,70,54,139,-14,-34
2,18.3529411765,2.82352941176,0.0,118,53,70,55,137,-14,-34
2,18.3529411765,1.41176470588,0.0,118,54,71,56,139,-13,-34
2,18.3529411765,1.41176470588,0.0,117,55,70,57,139,-14,-35
2,18.3529411765,1.41176470588,0.0,117,55,69,57,139,-14,-35
2,18.3529411765,1.41176470588,0.0,117,55,69,57,138,-14,-35
2,18.3529411765,1.41176470588,0.0,117,57,70,58,138,-14,-34
2,18.3529411765,1.41176470588,0.0,120,58,73,60,140,-13,-35
2,16.9411764706,1.41176470588,0.0,120,51,73,53,140,-13,-37
2,16.9411764706,2.82352941176,1.41176470588,121,50,74,52,140,-12,-33
2,18.3529411765,2.82352941176,1.41176470588,122,48,75,51,140,-12,-34
2,18.3529411765,2.82352941176,1.41176470588,123,46,76,49,139,-12,-33
2,18.3529411765,2.82352941176,0.0,123,49,76,51,140,-12,-33
2,16.9411764706,2.82352941176,0.0,125,49,78,51,141,-11,-34
2,16.9411764706,2.82352941176,0.0,124,50,77,52,140,-11,-33
2,16.9411764706,2.82352941176,0.0,122,53,75,55,140,-12,-32
2,16.9411764706,2.82352941176,0.0,122,53,75,55,140,-12,-32
2,16.9411764706,4.23529411765,0.0,124,52,78,53,143,-11,-32
2,16.9411764706,2.82352941176,0.0,128,56,82,58,141,-9,-31
2,16.9411764706,2.82352941176,0.0,131,58,85,60,142,-8,-31
2,16.9411764706,2.82352941176,0.0,134,59,88,61,143,-7,-31
2,15.5294117647,2.82352941176,0.0,138,56,92,58,144,-5,-32
2,14.1176470588,4.23529411765,0.0,139,56,93,57,145,-5,-30
2,14.1176470588,4.23529411765,0.0,139,56,93,58,144,-5,-29
2,14.1176470588,4.23529411765,0.0,139,55,93,57,144,-5,-30
2,12.7058823529,4.23529411765,0.0,142,54,95,56,143,-4,-30
2,12.7058823529,4.23529411765,0.0,142,53,95,56,143,-4,-30
2,12.7058823529,4.23529411765,1.41176470588,143,49,97,53,143,-3,-31
2,14.1176470588,4.23529411765,1.41176470588,139,51,93,55,142,-5,-31
2,15.5294117647,2.82352941176,0.0,134,56,88,59,142,-7,-31
2,15.5294117647,2.82352941176,0.0,132,61,85,63,141,-8,-30
2,15.5294117647,2.82352941176,0.0,131,67,84,69,140,-8,-30
2,15.5294117647,1.41176470588,0.0,132,74,85,75,140,-8,-29
2,15.5294117647,1.41176470588,0.0,132,75,84,77,139,-8,-29
2,15.5294117647,1.41176470588,0.0,130,75,82,77,138,-9,-29
2,16.9411764706,1.41176470588,0.0,128,76,80,78,138,-10,-31
2,16.9411764706,1.41176470588,0.0,128,74,81,76,138,-9,-31
2,16.9411764706,1.41176470588,0.0,131,75,83,78,137,-9,-30
2,16.9411764706,1.41176470588,0.0,135,74,87,76,139,-7,-32
2,15.5294117647,1.41176470588,0.0,136,73,89,75,140,-6,-31
2,15.5294117647,1.41176470588,0.0,137,81,90,83,140,-6,-29
2,15.5294117647,1.41176470588,0.0,137,79,90,81,140,-6,-30
2,15.5294117647,1.41176470588,0.0,138,80,91,82,140,-6,-30
2,15.5294117647,1.41176470588,0.0,140,82,93,85,141,-5,-29
2,15.5294117647,1.41176470588,0.0,140,81,93,83,141,-5,-29
2,15.5294117647,1.41176470588,0.0,138,80,91,82,141,-6,-28
2,15.5294117647,1.41176470588,0.0,137,80,90,82,140,-6,-28
2,15.5294117647,1.41176470588,0.0,136,82,89,84,140,-6,-27
2,15.5294117647,1.41176470588,0.0,135,85,87,88,140,-7,-27
2,15.5294117647,1.41176470588,0.0,134,90,87,94,140,-7,-27
2,15.5294117647,0.0,0.0,134,95,86,98,140,-7,-28
2,15.5294117647,0.0,0.0,134,97,86,100,139,-7,-29
2,16.9411764706,0.0,0.0,133,98,86,101,140,-8,-28
2,16.9411764706,0.0,0.0,130,103,83,106,139,-9,-27
2,16.9411764706,0.0,0.0,130,103,83,106,138,-9,-28
2,16.9411764706,0.0,0.0,130,102,83,105,139,-9,-29
2,16.9411764706,0.0,0.0,128,98,80,100,139,-10,-28
2,16.9411764706,0.0,0.0,127,96,79,99,138,-10,-26
2,16.9411764706,1.41176470588,0.0,126,94,78,97,139,-11,-25
2,16.9411764706,1.41176470588,0.0,127,99,79,102,138,-10,-23
2,16.9411764706,0.0,0.0,127,102,79,105,138,-10,-25
2,16.9411764706,0.0,0.0,127,98,80,101,139,-10,-26
2,16.9411764706,1.41176470588,0.0,126,95,79,98,139,-10,-24
2,16.9411764706,2.82352941176,0.0,124,84,77,86,139,-11,-24
2,16.9411764706,4.23529411765,0.0,122,81,74,83,138,-12,-20
2,16.9411764706,4.23529411765,0.0,121,80,73,82,138,-12,-20
2,16.9411764706,5.64705882353,0.0,122,73,75,76,139,-12,-20
2,16.9411764706,5.64705882353,0.0,123,74,76,76,139,-12,-18
2,16.9411764706,5.64705882353,0.0,125,75,77,78,139,-11,-18
2,16.9411764706,5.64705882353,0.0,127,78,80,80,140,-10,-19
2,16.9411764706,5.64705882353,0.0,128,78,80,81,139,-10,-19
2,16.9411764706,5.64705882353,0.0,128,80,81,82,139,-10,-19
2,16.9411764706,5.64705882353,0.0,129,79,81,81,139,-9,-19
2,16.9411764706,5.64705882353,0.0,129,82,82,84,140,-9,-19
2,15.5294117647,5.64705882353,0.0,130,80,83,83,140,-9,-20
2,15.5294117647,5.64705882353,0.0,130,80,83,82,139,-9,-19
2,15.5294117647,5.64705882353,0.0,130,80,82,82,139,-9,-19
2,15.5294117647,5.64705882353,0.0,130,80,82,82,139,-9,-19
2,16.9411764706,5.64705882353,0.0,129,79,82,82,140,-9,-19
2,15.5294117647,5.64705882353,0.0,129,80,82,82,139,-9,-18
2,15.5294117647,5.64705882353,0.0,129,80,82,82,140,-9,-19
2,15.5294117647,5.64705882353,0.0,130,79,83,81,139,-9,-19
2,15.5294117647,5.64705882353,0.0,131,80,84,83,139,-8,-18
2,15.5294117647,5.64705882353,0.0,131,80,84,82,139,-8,-19
2,15.5294117647,5.64705882353,0.0,131,80,83,83,139,-9,-18
2,15.5294117647,5.64705882353,0.0,131,82,84,85,140,-8,-19
2,15.5294117647,5.64705882353,0.0,132,83,85,85,140,-8,-19
2,15.5294117647,4.23529411765,0.0,132,82,84,85,139,-8,-19
2,15.5294117647,5.64705882353,0.0,129,84,82,86,139,-9,-19
2,15.5294117647,4.23529411765,0.0,128,84,81,86,139,-10,-19
2,15.5294117647,4.23529411765,0.0,128,85,80,87,138,-10,-19
2,15.5294117647,4.23529411765,0.0,128,86,80,89,138,-10,-20
2,15.5294117647,4.23529411765,1.41176470588,128,87,81,90,139,-10,-20
2,15.5294117647,4.23529411765,1.41176470588,128,87,81,90,138,-9,-20
2,15.5294117647,4.23529411765,1.41176470588,129,87,81,90,138,-9,-20
2,15.5294117647,4.23529411765,1.41176470588,130,87,82,90,138,-9,-20
2,15.5294117647,4.23529411765,1.41176470588,130,88,82,90,138,-9,-20
2,15.5294117647,4.23529411765,0.0,130,88,83,90,138,-9,-20
2,15.5294117647,4.23529411765,0.0,131,88,83,91,138,-9,-20
2,15.5294117647,4.23529411765,0.0,131,88,83,91,139,-9,-20
2,15.5294117647,4.23529411765,1.41176470588,131,88,83,91,139,-9,-20
2,15.5294117647,4.23529411765,1.41176470588,131,89,83,92,138,-9,-20
2,15.5294117647,4.23529411765,1.41176470588,130,89,83,92,138,-9,-20
2,15.5294117647,4.23529411765,1.41176470588,131,91,83,94,139,-9,-19
2,15.5294117647,2.82352941176,1.41176470588,132,95,84,98,138,-8,-19
2,15.5294117647,2.82352941176,1.41176470588,131,98,84,101,139,-8,-19
2,15.5294117647,2.82352941176,1.41176470588,134,99,86,102,139,-7,-19
2,15.5294117647,2.82352941176,1.41176470588,137,100,89,103,139,-6,-19
2,15.5294117647,2.82352941176,0.0,137,100,90,102,140,-6,-19
2,15.5294117647,2.82352941176,0.0,136,98,89,101,140,-6,-19
2,15.5294117647,2.82352941176,0.0,136,97,88,100,138,-6,-18
2,15.5294117647,2.82352941176,0.0,136,98,89,101,140,-6,-19
2,15.5294117647,2.82352941176,0.0,137,98,90,101,139,-6,-19
2,14.1176470588,2.82352941176,0.0,142,99,94,102,140,-4,-19
2,14.1176470588,2.82352941176,0.0,144,99,97,103,140,-3,-19
2,14.1176470588,2.82352941176,0.0,149,100,101,104,139,-1,-19
2,12.7058823529,2.82352941176,0.0,156,101,108,104,139,1,-19
2,12.7058823529,2.82352941176,0.0,163,98,115,102,139,4,-19
2,12.7058823529,4.23529411765,0.0,166,97,118,101,139,5,-18
2,12.7058823529,2.82352941176,0.0,168,97,121,101,139,7,-18
2,14.1176470588,2.82352941176,0.0,171,99,124,103,140,8,-19
2,14.1176470588,2.82352941176,0.0,173,99,125,103,139,8,-19
2,15.5294117647,2.82352941176,0.0,173,98,125,101,138,8,-19
2,15.5294117647,4.23529411765,0.0,173,96,125,99,138,8,-18
2,16.9411764706,4.23529411765,0.0,172,93,124,96,138,8,-18
2,18.3529411765,4.23529411765,0.0,168,93,120,95,136,6,-18
2,18.3529411765,4.23529411765,0.0,166,90,118,92,137,6,-18
2,18.3529411765,4.23529411765,1.41176470588,165,87,117,89,136,5,-18
2,19.7647058824,5.64705882353,1.41176470588,164,86,116,89,136,4,-18
2,19.7647058824,4.23529411765,1.41176470588,162,86,115,88,136,4,-18
2,19.7647058824,4.23529411765,1.41176470588,161,86,113,88,135,4,-19
2,21.1764705882,4.23529411765,1.41176470588,160,84,112,87,135,3,-19
2,21.1764705882,4.23529411765,1.41176470588,158,86,110,87,134,2,-19
2,22.5882352941,4.23529411765,1.41176470588,157,85,109,87,133,2,-20
2,22.5882352941,4.23529411765,1.41176470588,156,84,108,86,135,2,-20
2,22.5882352941,4.23529411765,2.82352941176,156,83,107,86,133,1,-20
2,22.5882352941,4.23529411765,2.82352941176,154,83,107,85,134,1,-20
2,24.0,4.23529411765,2.82352941176,152,83,104,85,133,0,-19
2,24.0,5.64705882353,1.41176470588,151,83,103,85,132,-1,-19
2,24.0,5.64705882353,1.41176470588,147,82,99,84,132,-2,-19
2,24.0,5.64705882353,1.41176470588,141,82,93,84,132,-4,-18
2,24.0,5.64705882353,1.41176470588,138,83,89,84,131,-6,-18
2,24.0,5.64705882353,1.41176470588,132,84,83,86,130,-8,-18
2,24.0,5.64705882353,1.41176470588,130,85,81,86,130,-8,-18
2,24.0,5.64705882353,0.0,127,87,78,89,129,-10,-18
2,24.0,4.23529411765,0.0,123,89,74,90,129,-11,-18
2,22.5882352941,4.23529411765,0.0,120,90,70,91,130,-12,-18
2,22.5882352941,4.23529411765,0.0,118,91,68,92,129,-13,-18
2,21.1764705882,4.23529411765,0.0,119,93,69,95,132,-13,-18
2,18.3529411765,4.23529411765,0.0,121,95,71,96,130,-12,-18
2,18.3529411765,4.23529411765,0.0,121,94,71,96,130,-12,-18
2,16.9411764706,4.23529411765,0.0,120,94,69,95,132,-13,-19
2,15.5294117647,4.23529411765,0.0,117,91,67,93,132,-14,-18
2,14.1176470588,4.23529411765,0.0,118,91,68,94,133,-14,-18
2,12.7058823529,4.23529411765,0.0,123,93,73,96,133,-12,-18
2,11.2941176471,2.82352941176,0.0,125,95,75,98,135,-11,-19
2,9.88235294118,2.82352941176,0.0,126,96,76,98,135,-11,-21
2,8.47058823529,2.82352941176,1.41176470588,128,92,78,96,135,-10,-21
2,8.47058823529,2.82352941176,1.41176470588,127,92,78,96,136,-10,-21
2,7.05882352941,2.82352941176,1.41176470588,128,92,79,96,137,-10,-21
2,7.05882352941,2.82352941176,1.41176470588,129,92,80,96,137,-10,-21
2,5.64705882353,2.82352941176,1.41176470588,131,91,82,95,137,-9,-21
2,5.64705882353,2.82352941176,1.41176470588,132,91,83,95,137,-8,-21
2,4.23529411765,2.82352941176,2.82352941176,136,88,87,92,138,-7,-22
2,4.23529411765,2.82352941176,1.41176470588,141,87,93,91,138,-4,-22
2,2.82352941176,2.82352941176,2.82352941176,144,88,96,92,138,-3,-22
2,2.82352941176,2.82352941176,2.82352941176,153,87,104,92,137,0,-23
2,2.82352941176,2.82352941176,2.82352941176,157,88,108,92,137,2,-23
2,1.41176470588,2.82352941176,2.82352941176,165,88,116,93,137,5,-23
2,1.41176470588,2.82352941176,2.82352941176,175,86,125,91,136,9,-23
2,1.41176470588,2.82352941176,2.82352941176,180,85,130,90,134,10,-23
2,1.41176470588,2.82352941176,2.82352941176,191,84,140,89,132,14,-23
2,1.41176470588,2.82352941176,2.82352941176,195,85,144,90,133,16,-22
2,1.41176470588,2.82352941176,1.41176470588,204,85,152,90,130,19,-22
2,2.82352941176,2.82352941176,2.82352941176,207,84,155,89,129,20,-22
2,5.64705882353,4.23529411765,2.82352941176,202,81,150,86,130,18,-22
2,9.88235294118,4.23529411765,2.82352941176,194,76,143,81,129,15,-22
2,12.7058823529,5.64705882353,4.23529411765,189,72,137,77,128,13,-22
2,16.9411764706,5.64705882353,2.82352941176,184,73,133,76,129,11,-21
2,16.9411764706,5.64705882353,2.82352941176,183,71,132,74,129,11,-22
2,19.7647058824,5.64705882353,1.41176470588,182,72,131,74,128,11,-21
2,21.1764705882,5.64705882353,1.41176470588,181,71,130,72,127,10,-21
2,22.5882352941,5.64705882353,1.41176470588,176,69,127,70,129,9,-21
2,24.0,7.05882352941,0.0,171,71,122,71,129,7,-19
2,25.4117647059,5.64705882353,0.0,169,70,119,70,128,6,-20
2,26.8235294118,7.05882352941,0.0,164,67,115,67,128,4,-20
2,26.8235294118,7.05882352941,0.0,161,67,111,66,127,3,-19
2,28.2352941176,7.05882352941,0.0,153,68,104,67,127,0,-19
2,28.2352941176,7.05882352941,0.0,146,69,98,69,126,-2,-19
2,29.6470588235,7.05882352941,0.0,143,70,94,70,124,-3,-19
2,29.6470588235,7.05882352941,0.0,140,70,91,70,124,-5,-19
2,28.2352941176,7.05882352941,0.0,137,70,87,70,123,-6,-19
2,29.6470588235,7.05882352941,1.41176470588,130,70,80,71,123,-8,-19
2,29.6470588235,7.05882352941,1.41176470588,122,71,71,71,120,-11,-19
2,28.2352941176,7.05882352941,1.41176470588,116,72,63,72,117,-13,-19
2,28.2352941176,5.64705882353,1.41176470588,109,73,56,73,117,-16,-20
2,26.8235294118,5.64705882353,0.0,101,76,48,75,117,-19,-19
2,25.4117647059,5.64705882353,0.0,94,77,40,77,116,-21,-19
2,24.0,5.64705882353,0.0,89,77,34,78,118,-23,-20
2,22.5882352941,5.64705882353,0.0,79,77,24,78,117,-26,-19
2,21.1764705882,5.64705882353,0.0,68,78,12,81,116,-30,-19
2,21.1764705882,5.64705882353,0.0,60,81,8,85,124,-35,-18
2,19.7647058824,5.64705882353,1.41176470588,60,81,9,86,127,-35,-19
2,16.9411764706,4.23529411765,2.82352941176,66,82,13,87,123,-32,-20
2,15.5294117647,4.23529411765,2.82352941176,75,80,23,87,125,-29,-20
2,14.1176470588,4.23529411765,2.82352941176,84,79,32,85,127,-26,-20
2,12.7058823529,4.23529411765,2.82352941176,92,77,41,83,128,-23,-20
2,11.2941176471,4.23529411765,2.82352941176,102,76,50,83,129,-20,-21
2,9.88235294118,4.23529411765,2.82352941176,111,75,60,82,132,-16,-21
2,9.88235294118,4.23529411765,2.82352941176,121,74,70,80,133,-13,-22
2,8.47058823529,4.23529411765,2.82352941176,132,73,82,78,134,-8,-22
2,8.47058823529,4.23529411765,1.41176470588,144,73,93,78,133,-4,-22
2,7.05882352941,4.23529411765,1.41176470588,155,74,104,79,131,1,-22
2,7.05882352941,4.23529411765,0.0,162,77,111,82,132,3,-22
2,8.47058823529,4.23529411765,1.41176470588,168,76,117,81,131,5,-22
2,9.88235294118,4.23529411765,2.82352941176,172,75,120,81,130,7,-23
2,11.2941176471,4.23529411765,2.82352941176,172,73,121,79,129,7,-24
2,14.1176470588,4.23529411765,2.82352941176,169,77,119,81,131,6,-24
2,15.5294117647,4.23529411765,2.82352941176,166,79,115,82,128,5,-23
2,16.9411764706,4.23529411765,1.41176470588,164,85,113,86,127,4,-21
2,18.3529411765,2.82352941176,0.0,162,93,110,92,127,3,-21
2,16.9411764706,2.82352941176,0.0,161,83,109,82,128,2,-24
2,16.9411764706,4.23529411765,0.0,158,71,106,69,126,1,-25
2,16.9411764706,4.23529411765,0.0,153,58,100,56,125,-1,-27
2,16.9411764706,5.64705882353,0.0,146,48,94,47,125,-3,-28
2,16.9411764706,5.64705882353,0.0,140,41,87,40,124,-5,-28
2,16.9411764706,7.05882352941,0.0,134,37,80,37,122,-8,-25
2,16.9411764706,8.47058823529,0.0,132,39,77,39,121,-8,-24
2,15.5294117647,8.47058823529,0.0,135,41,78,44,117,-7,-23
2,15.5294117647,7.05882352941,0.0,137,41,79,45,114,-7,-24
2,15.5294117647,8.47058823529,1.41176470588,138,44,78,48,110,-6,-22
2,15.5294117647,8.47058823529,1.41176470588,136,50,73,55,105,-7,-21
2,16.9411764706,7.05882352941,1.41176470588,132,59,66,64,100,-9,-21
2,18.3529411765,5.64705882353,1.41176470588,130,63,62,67,96,-9,-23
2,18.3529411765,4.23529411765,1.41176470588,128,64,58,68,93,-10,-23
2,19.7647058824,4.23529411765,1.41176470588,129,61,56,66,89,-9,-25
2,19.7647058824,4.23529411765,1.41176470588,132,63,58,67,87,-9,-24
2,19.7647058824,2.82352941176,1.41176470588,138,65,63,70,86,-7,-25
2,21.1764705882,1.41176470588,1.41176470588,142,70,67,74,86,-6,-26
2,21.1764705882,1.41176470588,1.41176470588,145,78,71,83,87,-5,-26
2,22.5882352941,0.0,1.41176470588,148,90,77,95,91,-4,-27
2,22.5882352941,0.0,1.41176470588,149,107,81,111,94,-4,-24
2,22.5882352941,0.0,2.82352941176,150,133,86,138,100,-3,-22
2,22.5882352941,-1.41176470588,2.82352941176,152,148,91,152,104,-2,-21
2,22.5882352941,-1.41176470588,2.82352941176,153,152,94,156,107,-2,-20
2,22.5882352941,-1.41176470588,2.82352941176,154,153,95,157,109,-1,-20
2,22.5882352941,0.0,2.82352941176,155,152,98,156,113,-1,-19
2,22.5882352941,0.0,1.41176470588,156,148,102,152,119,0,-16
2,21.1764705882,0.0,1.41176470588,159,144,107,147,125,2,-16
2,19.7647058824,1.41176470588,1.41176470588,163,136,113,140,131,4,-14
2,19.7647058824,1.41176470588,1.41176470588,165,126,117,130,137,5,-14
2,18.3529411765,4.23529411765,1.41176470588,168,105,122,110,141,7,-14
2,18.3529411765,5.64705882353,2.82352941176,174,89,129,94,145,10,-13
2,18.3529411765,7.05882352941,2.82352941176,180,76,135,79,149,13,-16
2,18.3529411765,7.05882352941,2.82352941176,187,67,142,71,148,16,-17
2,16.9411764706,7.05882352941,2.82352941176,191,61,147,63,151,18,-20
2,15.5294117647,8.47058823529,1.41176470588,192,56,149,56,152,19,-19
2,15.5294117647,8.47058823529,1.41176470588,194,57,150,56,152,19,-18
2,12.7058823529,7.05882352941,0.0,192,59,148,57,152,18,-20
2,11.2941176471,8.47058823529,0.0,188,55,142,51,148,16,-20
2,9.88235294118,8.47058823529,0.0,180,45,134,42,146,12,-21
2,7.05882352941,8.47058823529,0.0,172,41,119,38,127,6,-23
2,7.05882352941,8.47058823529,0.0,160,36,111,35,137,3,-24
2,5.64705882353,7.05882352941,0.0,148,28,98,27,134,-2,-30
2,4.23529411765,7.05882352941,0.0,137,27,85,28,130,-7,-30
2,4.23529411765,7.05882352941,0.0,129,27,77,29,128,-9,-31
2,2.82352941176,5.64705882353,0.0,118,30,64,33,124,-13,-31
2,2.82352941176,5.64705882353,0.0,113,35,58,38,123,-15,-30
2,2.82352941176,4.23529411765,0.0,98,40,42,46,119,-20,-31
2,4.23529411765,4.23529411765,1.41176470588,91,48,33,53,117,-23,-29
2,4.23529411765,4.23529411765,2.82352941176,87,61,28,68,114,-24,-26
2,4.23529411765,2.82352941176,2.82352941176,86,70,28,77,115,-24,-27
2,4.23529411765,1.41176470588,2.82352941176,89,86,30,93,113,-23,-25
2,5.64705882353,0.0,4.23529411765,98,95,39,103,114,-20,-26
2,5.64705882353,0.0,4.23529411765,104,98,46,106,114,-18,-25
2,5.64705882353,0.0,5.64705882353,111,102,53,110,116,-16,-24
2,4.23529411765,0.0,5.64705882353,124,106,66,114,116,-11,-22
2,4.23529411765,0.0,5.64705882353,141,113,84,120,118,-5,-21
2,5.64705882353,0.0,5.64705882353,157,118,101,125,121,0,-20
2,5.64705882353,0.0,5.64705882353,165,120,109,127,120,3,-20
2,5.64705882353,0.0,5.64705882353,182,121,126,128,119,9,-20
2,5.64705882353,0.0,5.64705882353,190,121,134,127,121,12,-20
2,7.05882352941,0.0,5.64705882353,210,117,156,122,124,20,-20
2,8.47058823529,0.0,5.64705882353,225,116,171,121,124,25,-20
2,8.47058823529,0.0,4.23529411765,237,115,184,118,128,31,-21
2,9.88235294118,0.0,4.23529411765,242,114,190,117,130,34,-21
2,9.88235294118,0.0,4.23529411765,2,115,207,116,132,41,-21
2,8.47058823529,1.41176470588,2.82352941176,253,194,223,114,144,48,-21
2,8.47058823529,1.41176470588,2.82352941176,253,194,232,111,144,48,-21
2,7.05882352941,1.41176470588,0.0,0,193,243,107,144,48,-21
2,5.64705882353,2.82352941176,0.0,0,193,245,105,144,48,-21
2,5.64705882353,4.23529411765,0.0,0,193,245,96,144,48,-21
2,5.64705882353,4.23529411765,0.0,1,193,240,92,144,48,-21
2,5.64705882353,5.64705882353,0.0,2,193,237,89,144,48,-21
2,4.23529411765,5.64705882353,-1.41176470588,3,193,229,78,144,48,-21
2,4.23529411765,5.64705882353,-1.41176470588,3,193,227,74,144,48,-21
2,4.23529411765,5.64705882353,-1.41176470588,4,194,209,62,144,48,-21
2,4.23529411765,5.64705882353,-1.41176470588,240,59,195,56,151,40,-25
2,2.82352941176,5.64705882353,0.0,226,48,181,46,151,33,-29
2,2.82352941176,5.64705882353,0.0,220,41,176,40,151,31,-30
2,2.82352941176,5.64705882353,0.0,209,33,164,32,151,26,-32
2,2.82352941176,5.64705882353,0.0,196,33,152,33,152,20,-33
2,2.82352941176,4.23529411765,0.0,190,33,146,34,152,18,-37
2,2.82352941176,2.82352941176,0.0,183,33,139,34,151,14,-39
2,2.82352941176,1.41176470588,1.41176470588,172,29,128,31,151,10,-44
2,2.82352941176,1.41176470588,1.41176470588,162,29,117,33,149,5,-46
2,2.82352941176,0.0,2.82352941176,152,39,107,43,149,1,-50
2,2.82352941176,0.0,2.82352941176,147,46,103,50,151,-1,-49
2,2.82352941176,-2.82352941176,2.82352941176,135,60,89,65,147,-7,-53
2,4.23529411765,-4.23529411765,2.82352941176,130,64,84,69,146,-9,-55
2,4.23529411765,-7.05882352941,0.0,120,76,73,81,145,-13,-57
2,2.82352941176,-5.64705882353,0.0,117,83,70,87,143,-14,-54
2,0.0,-5.64705882353,0.0,121,80,73,84,141,-13,-52
2,0.0,-4.23529411765,0.0,124,75,76,80,140,-11,-52
2,0.0,-2.82352941176,1.41176470588,129,66,82,73,140,-9,-49
2,0.0,0.0,2.82352941176,127,63,80,69,141,-10,-45
2,0.0,0.0,2.82352941176,128,63,79,70,137,-10,-44
2,0.0,0.0,2.82352941176,126,64,77,71,137,-10,-43
2,0.0,0.0,2.82352941176,124,65,76,72,138,-11,-42
2,0.0,0.0,2.82352941176,122,66,72,73,134,-12,-39
2,1.41176470588,0.0,2.82352941176,123,67,72,74,133,-12,-36
2,1.41176470588,0.0,2.82352941176,123,67,73,74,135,-12,-36
2,2.82352941176,0.0,4.23529411765,125,69,75,74,133,-11,-34
2,2.82352941176,0.0,4.23529411765,127,71,76,76,132,-10,-33
2,2.82352941176,0.0,4.23529411765,129,72,78,78,131,-9,-32
2,4.23529411765,0.0,4.23529411765,133,73,83,79,132,-8,-31
2,5.64705882353,1.41176470588,4.23529411765,136,75,85,81,131,-7,-29
2,7.05882352941,1.41176470588,4.23529411765,137,79,86,84,129,-6,-27
2,8.47058823529,1.41176470588,4.23529411765,139,81,87,86,130,-6,-27
2,9.88235294118,1.41176470588,4.23529411765,144,85,92,90,130,-4,-26
2,11.2941176471,1.41176470588,2.82352941176,149,92,98,97,130,-2,-26
2,11.2941176471,1.41176470588,2.82352941176,152,95,101,99,131,-1,-25
2,12.7058823529,1.41176470588,1.41176470588,158,104,107,107,131,1,-23
2,12.7058823529,0.0,0.0,162,105,111,107,132,3,-23
2,11.2941176471,0.0,0.0,177,104,127,106,132,9,-25
2,11.2941176471,0.0,0.0,192,103,143,105,135,15,-25
2,9.88235294118,0.0,0.0,199,102,149,104,134,18,-25
2,9.88235294118,0.0,0.0,206,99,157,99,136,21,-27
2,9.88235294118,0.0,0.0,209,94,159,95,136,22,-28
2,8.47058823529,1.41176470588,0.0,215,91,167,91,139,25,-24
2,8.47058823529,1.41176470588,0.0,219,87,170,87,138,27,-26
2,8.47058823529,2.82352941176,-1.41176470588,220,80,172,79,141,28,-27
2,7.05882352941,2.82352941176,0.0,219,74,171,73,141,27,-28
2,7.05882352941,2.82352941176,0.0,212,67,165,66,142,25,-29
2,8.47058823529,2.82352941176,0.0,204,57,158,56,144,22,-31
2,8.47058823529,2.82352941176,0.0,201,51,154,51,144,21,-32
2,8.47058823529,4.23529411765,0.0,196,40,149,40,143,18,-35
2,8.47058823529,4.23529411765,0.0,192,34,146,35,145,17,-36
2,8.47058823529,4.23529411765,0.0,189,31,142,32,142,15,-36
2,9.88235294118,4.23529411765,0.0,182,29,134,29,142,12,-37
2,9.88235294118,4.23529411765,0.0,179,30,131,30,142,11,-38
2,8.47058823529,2.82352941176,0.0,170,34,123,34,142,7,-40
2,9.88235294118,1.41176470588,0.0,162,30,113,31,139,4,-44
2,9.88235294118,1.41176470588,0.0,148,18,99,19,137,-2,-45
2,9.88235294118,1.41176470588,0.0,143,17,94,18,137,-4,-45
2,9.88235294118,1.41176470588,0.0,138,17,89,19,135,-6,-45
2,9.88235294118,1.41176470588,0.0,128,19,78,21,135,-10,-46
2,9.88235294118,1.41176470588,0.0,124,20,73,21,133,-11,-47
2,9.88235294118,0.0,1.41176470588,116,22,65,24,133,-15,-47
2,9.88235294118,0.0,1.41176470588,108,25,57,28,130,-17,-46
2,9.88235294118,0.0,1.41176470588,102,27,50,30,130,-20,-47
2,9.88235294118,0.0,1.41176470588,98,30,45,33,128,-21,-46
2,8.47058823529,0.0,1.41176470588,94,36,41,40,128,-23,-45
2,8.47058823529,0.0,1.41176470588,91,42,38,46,126,-23,-44
2,8.47058823529,0.0,1.41176470588,90,46,36,51,125,-24,-43
2,8.47058823529,0.0,1.41176470588,88,48,35,52,126,-24,-42
2,8.47058823529,0.0,1.41176470588,88,52,34,57,124,-24,-39
2,8.47058823529,0.0,1.41176470588,89,54,34,58,123,-24,-38
2,7.05882352941,0.0,2.82352941176,89,55,35,59,123,-24,-37
2,7.05882352941,0.0,2.82352941176,90,57,35,61,123,-24,-36
2,7.05882352941,0.0,2.82352941176,90,59,35,63,122,-24,-35
2,7.05882352941,1.41176470588,2.82352941176,89,62,34,66,121,-24,-33
2,7.05882352941,1.41176470588,2.82352941176,87,67,32,71,120,-24,-30
2,7.05882352941,1.41176470588,2.82352941176,86,70,30,74,120,-25,-29
2,8.47058823529,2.82352941176,2.82352941176,85,72,29,76,119,-25,-27
2,8.47058823529,2.82352941176,2.82352941176,86,76,30,80,119,-24,-25
2,8.47058823529,2.82352941176,2.82352941176,92,84,35,88,119,-22,-23
2,8.47058823529,2.82352941176,2.82352941176,99,94,43,99,120,-20,-22
2,8.47058823529,1.41176470588,2.82352941176,107,105,52,110,121,-17,-21
2,8.47058823529,0.0,2.82352941176,116,113,61,118,121,-14,-21
2,8.47058823529,0.0,2.82352941176,122,120,67,124,122,-12,-20
2,9.88235294118,0.0,1.41176470588,129,123,74,127,123,-10,-20
2,8.47058823529,0.0,2.82352941176,139,124,86,128,126,-6,-19
2,8.47058823529,0.0,1.41176470588,146,126,93,129,127,-3,-18
2,9.88235294118,1.41176470588,2.82352941176,152,124,99,127,127,-1,-18
2,9.88235294118,1.41176470588,2.82352941176,162,120,110,125,128,3,-17
2,9.88235294118,1.41176470588,2.82352941176,173,120,122,124,131,7,-17
2,8.47058823529,1.41176470588,2.82352941176,183,121,133,124,134,12,-17
2,8.47058823529,1.41176470588,2.82352941176,193,122,143,124,135,16,-16
2,8.47058823529,1.41176470588,1.41176470588,201,123,152,124,137,19,-16
2,8.47058823529,1.41176470588,1.41176470588,209,123,160,125,137,22,-16
2,7.05882352941,1.41176470588,1.41176470588,216,121,167,122,138,25,-17
2,7.05882352941,1.41176470588,1.41176470588,223,118,174,119,138,28,-16
2,7.05882352941,2.82352941176,0.0,228,113,180,115,141,31,-17
2,7.05882352941,2.82352941176,0.0,232,108,185,109,143,34,-18
2,7.05882352941,2.82352941176,0.0,235,100,188,101,142,35,-19
2,7.05882352941,4.23529411765,0.0,234,94,188,95,144,35,-19
2,7.05882352941,4.23529411765,0.0,231,87,185,88,147,34,-19
2,7.05882352941,4.23529411765,0.0,229,77,183,78,147,34,-21
2,7.05882352941,5.64705882353,0.0,230,72,184,73,148,34,-22
2,7.05882352941,5.64705882353,0.0,231,66,186,67,150,35,-22
2,7.05882352941,5.64705882353,0.0,233,63,188,63,149,36,-23
2,7.05882352941,5.64705882353,0.0,233,61,188,62,149,36,-24
2,7.05882352941,5.64705882353,0.0,233,60,188,61,148,36,-25
2,7.05882352941,4.23529411765,0.0,229,60,184,61,150,34,-27
2,7.05882352941,2.82352941176,0.0,224,60,180,60,154,33,-32
2,7.05882352941,2.82352941176,0.0,222,57,178,57,154,32,-34
2,7.05882352941,1.41176470588,0.0,220,58,175,59,152,31,-35
2,7.05882352941,1.41176470588,0.0,216,58,172,59,155,30,-37
2,8.47058823529,1.41176470588,0.0,210,54,166,56,156,27,-40
2,8.47058823529,1.41176470588,0.0,199,52,157,53,157,23,-40
2,8.47058823529,1.41176470588,0.0,190,46,147,48,156,18,-41
2,9.88235294118,1.41176470588,0.0,181,44,139,45,161,15,-42
2,9.88235294118,1.41176470588,1.41176470588,173,40,131,41,159,11,-44
2,11.2941176471,1.41176470588,1.41176470588,169,38,127,40,159,9,-44
2,11.2941176471,1.41176470588,1.41176470588,161,38,119,40,158,5,-44
2,11.2941176471,1.41176470588,1.41176470588,159,37,116,39,157,4,-43
2,11.2941176471,1.41176470588,1.41176470588,153,37,111,40,157,2,-43
2,11.2941176471,1.41176470588,0.0,148,43,105,45,156,-1,-41
2,11.2941176471,1.41176470588,0.0,145,43,102,45,155,-2,-40
2,11.2941176471,1.41176470588,0.0,145,43,101,45,155,-2,-40
2,11.2941176471,2.82352941176,1.41176470588,141,40,97,43,151,-4,-39
2,11.2941176471,2.82352941176,1.41176470588,137,38,93,40,151,-6,-39
2,11.2941176471,2.82352941176,1.41176470588,135,37,90,39,148,-7,-39
2,11.2941176471,2.82352941176,0.0,128,35,82,37,144,-10,-37
2,11.2941176471,2.82352941176,0.0,125,35,78,36,143,-11,-37
2,11.2941176471,2.82352941176,1.41176470588,117,37,70,38,141,-14,-38
2,11.2941176471,2.82352941176,1.41176470588,111,42,62,44,137,-17,-36
2,11.2941176471,1.41176470588,1.41176470588,107,44,58,46,135,-18,-37
2,11.2941176471,1.41176470588,1.41176470588,101,46,51,48,132,-20,-38
2,11.2941176471,1.41176470588,1.41176470588,99,47,48,50,131,-21,-37
2,11.2941176471,1.41176470588,1.41176470588,94,51,42,54,128,-23,-35
2,9.88235294118,1.41176470588,1.41176470588,92,57,38,59,124,-23,-34
2,9.88235294118,1.41176470588,2.82352941176,90,63,36,66,123,-23,-33
2,9.88235294118,0.0,2.82352941176,87,71,32,74,122,-24,-31
2,9.88235294118,0.0,2.82352941176,86,79,30,83,119,-25,-29
2,8.47058823529,0.0,2.82352941176,86,88,29,92,118,-25,-27
2,8.47058823529,0.0,2.82352941176,85,93,28,98,117,-25,-26
2,8.47058823529,0.0,2.82352941176,85,101,28,106,116,-24,-24
2,8.47058823529,0.0,2.82352941176,87,106,29,110,116,-24,-23
2,7.05882352941,0.0,4.23529411765,90,113,32,118,115,-23,-22
2,7.05882352941,0.0,4.23529411765,98,118,40,123,116,-20,-20
2,7.05882352941,0.0,5.64705882353,103,120,44,126,114,-18,-20
2,7.05882352941,0.0,5.64705882353,110,121,52,127,115,-16,-20
2,7.05882352941,0.0,7.05882352941,115,119,57,125,116,-14,-20
2,7.05882352941,0.0,7.05882352941,124,117,66,122,116,-11,-20
2,7.05882352941,1.41176470588,7.05882352941,136,112,78,118,115,-7,-19
2,7.05882352941,2.82352941176,7.05882352941,149,110,91,115,115,-3,-17
2,7.05882352941,2.82352941176,5.64705882353,162,113,103,118,115,1,-16
2,7.05882352941,2.82352941176,5.64705882353,174,115,115,120,115,5,-16
2,7.05882352941,2.82352941176,4.23529411765,180,120,121,123,114,7,-16
2,7.05882352941,2.82352941176,4.23529411765,182,120,123,124,113,8,-16
2,8.47058823529,2.82352941176,2.82352941176,183,120,124,124,114,8,-15
2,8.47058823529,2.82352941176,4.23529411765,188,115,128,119,112,10,-17
2,9.88235294118,2.82352941176,2.82352941176,191,115,131,119,113,11,-15
2,11.2941176471,2.82352941176,1.41176470588,195,111,135,114,111,12,-17
2,11.2941176471,2.82352941176,1.41176470588,198,109,138,111,111,13,-17
2,12.7058823529,2.82352941176,1.41176470588,204,106,144,106,111,15,-18
2,12.7058823529,2.82352941176,0.0,207,105,146,105,110,15,-18
2,11.2941176471,1.41176470588,0.0,211,103,150,102,110,17,-21
2,11.2941176471,0.0,0.0,210,98,149,97,111,16,-25
2,11.2941176471,0.0,0.0,207,91,148,89,113,16,-28
2,11.2941176471,0.0,0.0,200,90,142,89,116,14,-29
2,11.2941176471,0.0,0.0,192,86,135,85,118,12,-32
2,11.2941176471,0.0,0.0,183,81,128,81,122,9,-34
2,11.2941176471,0.0,0.0,177,78,124,78,126,8,-35
2,11.2941176471,0.0,0.0,168,70,116,71,129,5,-37
2,12.7058823529,0.0,0.0,162,65,111,67,131,3,-38
2,12.7058823529,0.0,1.41176470588,153,55,104,57,135,0,-39
2,12.7058823529,0.0,1.41176470588,144,51,95,53,137,-3,-39
2,12.7058823529,0.0,1.41176470588,140,49,92,51,139,-5,-40
2,14.1176470588,1.41176470588,1.41176470588,131,49,85,52,145,-9,-39
2,14.1176470588,1.41176470588,1.41176470588,127,51,81,54,144,-10,-39
2,14.1176470588,0.0,1.41176470588,121,55,76,58,150,-13,-40
2,14.1176470588,0.0,2.82352941176,117,60,74,63,156,-15,-40
2,12.7058823529,1.41176470588,1.41176470588,113,59,71,62,157,-16,-38
2,12.7058823529,1.41176470588,1.41176470588,112,58,70,61,161,-17,-38
2,12.7058823529,1.41176470588,1.41176470588,109,58,67,60,160,-18,-35
2,12.7058823529,2.82352941176,1.41176470588,106,56,65,59,162,-20,-35
2,12.7058823529,4.23529411765,1.41176470588,105,58,63,60,163,-21,-31
2,11.2941176471,2.82352941176,1.41176470588,103,61,62,63,163,-22,-30
2,11.2941176471,2.82352941176,1.41176470588,104,61,62,65,162,-21,-30
2,11.2941176471,2.82352941176,1.41176470588,107,67,65,70,163,-20,-29
2,9.88235294118,2.82352941176,1.41176470588,111,76,70,80,162,-18,-27
2,9.88235294118,1.41176470588,1.41176470588,112,80,71,83,165,-17,-29
2,8.47058823529,1.41176470588,1.41176470588,116,84,74,88,160,-15,-28
2,8.47058823529,1.41176470588,0.0,117,87,75,90,160,-15,-26
2,7.05882352941,1.41176470588,0.0,121,92,79,95,160,-13,-25
2,7.05882352941,1.41176470588,0.0,127,97,85,99,160,-10,-25
2,5.64705882353,0.0,0.0,135,103,92,105,157,-6,-25
2,5.64705882353,0.0,0.0,137,111,94,112,158,-6,-25
2,4.23529411765,0.0,1.41176470588,141,114,98,117,156,-4,-24
2,4.23529411765,0.0,1.41176470588,146,118,101,121,152,-2,-21
2,4.23529411765,0.0,1.41176470588,148,120,104,123,150,-1,-20
2,4.23529411765,0.0,2.82352941176,156,119,110,123,147,2,-19
2,4.23529411765,1.41176470588,2.82352941176,159,118,113,122,145,3,-19
2,4.23529411765,1.41176470588,4.23529411765,167,120,120,124,142,6,-17
2,4.23529411765,0.0,4.23529411765,177,123,128,126,138,10,-18
2,4.23529411765,0.0,2.82352941176,181,125,132,128,137,11,-18
2,4.23529411765,0.0,2.82352941176,188,127,138,130,134,13,-18
2,4.23529411765,0.0,2.82352941176,199,128,148,131,132,17,-18
2,4.23529411765,0.0,2.82352941176,211,125,157,128,126,20,-18
2,4.23529411765,1.41176470588,2.82352941176,222,119,167,122,123,24,-18
2,4.23529411765,1.41176470588,2.82352941176,232,114,175,116,118,26,-18
2,4.23529411765,1.41176470588,1.41176470588,240,110,181,111,114,27,-19
2,5.64705882353,2.82352941176,1.41176470588,246,103,186,104,112,29,-20
2,5.64705882353,2.82352941176,1.41176470588,250,95,188,97,109,29,-21
2,7.05882352941,2.82352941176,1.41176470588,254,88,191,89,108,30,-22
2,8.47058823529,2.82352941176,1.41176470588,255,81,195,83,111,32,-23
2,9.88235294118,2.82352941176,1.41176470588,255,193,198,77,112,33,-25
2,9.88235294118,2.82352941176,0.0,0,193,202,72,112,33,-25
2,11.2941176471,2.82352941176,0.0,0,193,202,71,112,33,-25
2,12.7058823529,1.41176470588,0.0,0,193,204,64,112,33,-25
2,12.7058823529,1.41176470588,0.0,0,193,207,53,112,33,-25
2,12.7058823529,1.41176470588,0.0,0,193,207,44,112,33,-25
2,14.1176470588,0.0,0.0,0,193,203,37,112,33,-25
2,14.1176470588,0.0,0.0,0,193,194,27,112,33,-25
2,15.5294117647,1.41176470588,0.0,0,193,185,20,112,33,-25
2,16.9411764706,1.41176470588,0.0,238,13,176,15,107,25,-43
2,16.9411764706,1.41176470588,1.41176470588,228,7,167,9,109,22,-45
2,18.3529411765,1.41176470588,1.41176470588,205,1,147,3,113,16,-46
2,19.7647058824,1.41176470588,1.41176470588,188,0,131,1,115,10,-46
2,21.1764705882,2.82352941176,1.41176470588,180,0,124,1,117,8,-45
2,21.1764705882,2.82352941176,0.0,172,1,116,2,116,5,-45
2,22.5882352941,1.41176470588,0.0,164,1,110,3,119,3,-46
2,22.5882352941,1.41176470588,1.41176470588,154,3,100,5,120,-1,-47
2,24.0,1.41176470588,1.41176470588,145,7,93,8,124,-3,-48
2,24.0,1.41176470588,1.41176470588,137,8,87,9,126,-6,-47
2,24.0,2.82352941176,1.41176470588,132,11,82,12,128,-8,-45
2,22.5882352941,1.41176470588,1.41176470588,127,17,79,19,132,-10,-44
2,22.5882352941,1.41176470588,1.41176470588,123,26,76,28,137,-11,-43
2,22.5882352941,1.41176470588,0.0,119,33,72,35,138,-13,-42
2,22.5882352941,1.41176470588,0.0,114,40,68,41,140,-15,-42
2,21.1764705882,1.41176470588,0.0,108,47,63,48,146,-18,-39
2,21.1764705882,1.41176470588,0.0,105,50,61,52,149,-20,-38
2,19.7647058824,1.41176470588,0.0,104,52,60,54,150,-20,-36
2,19.7647058824,2.82352941176,1.41176470588,103,55,59,58,151,-21,-34
2,18.3529411765,2.82352941176,2.82352941176,101,57,58,60,153,-21,-32
2,18.3529411765,2.82352941176,2.82352941176,100,57,58,61,156,-22,-31
2,18.3529411765,4.23529411765,2.82352941176,100,58,58,61,155,-22,-30
2,16.9411764706,4.23529411765,4.23529411765,102,59,60,62,156,-21,-29
2,16.9411764706,4.23529411765,2.82352941176,102,66,60,68,159,-22,-28
2,15.5294117647,2.82352941176,2.82352941176,102,72,60,75,157,-21,-27
2,15.5294117647,2.82352941176,2.82352941176,102,76,60,79,157,-21,-25
2,15.5294117647,2.82352941176,1.41176470588,103,80,61,83,158,-21,-24
2,14.1176470588,2.82352941176,1.41176470588,105,85,63,88,157,-20,-23
2,14.1176470588,2.82352941176,1.41176470588,106,90,63,93,157,-20,-21
2,14.1176470588,2.82352941176,1.41176470588,107,92,64,95,155,-19,-21
2,14.1176470588,2.82352941176,1.41176470588,108,97,65,100,155,-19,-19
2,14.1176470588,2.82352941176,2.82352941176,109,101,66,104,153,-18,-19
2,14.1176470588,2.82352941176,2.82352941176,111,102,66,106,148,-17,-18
2,14.1176470588,2.82352941176,2.82352941176,113,102,68,106,147,-16,-19
2,14.1176470588,2.82352941176,2.82352941176,115,108,69,112,144,-15,-18
2,14.1176470588,1.41176470588,2.82352941176,116,113,69,117,142,-15,-18
2,14.1176470588,1.41176470588,2.82352941176,118,115,69,118,137,-14,-18
2,15.5294117647,1.41176470588,2.82352941176,122,113,73,116,135,-12,-18
2,15.5294117647,1.41176470588,2.82352941176,128,112,78,116,132,-10,-18
2,15.5294117647,2.82352941176,2.82352941176,139,109,88,113,130,-5,-18
2,15.5294117647,2.82352941176,2.82352941176,148,107,96,111,127,-2,-17
2,15.5294117647,2.82352941176,2.82352941176,153,106,100,109,127,-1,-17
2,15.5294117647,4.23529411765,2.82352941176,161,102,107,105,122,2,-17
2,15.5294117647,4.23529411765,1.41176470588,169,98,114,101,120,4,-15
2,15.5294117647,5.64705882353,1.41176470588,175,97,119,99,118,6,-16
2,15.5294117647,5.64705882353,1.41176470588,181,93,123,95,114,8,-16
2,15.5294117647,5.64705882353,0.0,185,90,126,92,113,9,-18
2,16.9411764706,4.23529411765,0.0,191,87,130,90,108,10,-20
2,16.9411764706,2.82352941176,0.0,197,83,135,85,106,12,-23
2,16.9411764706,1.41176470588,0.0,204,81,140,83,103,13,-25
2,16.9411764706,0.0,0.0,208,76,143,78,101,14,-29
2,18.3529411765,0.0,0.0,206,67,142,69,102,13,-34
2,18.3529411765,0.0,0.0,202,61,138,62,102,12,-37
2,19.7647058824,0.0,0.0,200,58,136,59,101,12,-39
2,19.7647058824,0.0,0.0,198,54,135,55,103,11,-41
2,19.7647058824,0.0,0.0,195,50,133,51,103,11,-42
2,21.1764705882,0.0,0.0,190,43,128,44,105,9,-44
2,22.5882352941,0.0,0.0,183,39,123,40,109,8,-45
2,22.5882352941,0.0,0.0,179,37,121,38,110,7,-46
2,22.5882352941,0.0,0.0,172,28,115,29,112,5,-47
2,22.5882352941,0.0,0.0,167,23,110,24,113,3,-47
2,24.0,0.0,0.0,156,17,101,18,116,0,-46
2,24.0,1.41176470588,0.0,148,15,94,16,118,-3,-44
2,24.0,1.41176470588,0.0,146,17,92,19,119,-3,-43
2,24.0,1.41176470588,0.0,140,25,88,26,123,-5,-42
2,24.0,1.41176470588,0.0,138,29,86,31,123,-6,-41
2,24.0,0.0,1.41176470588,133,37,82,39,126,-8,-41
2,24.0,0.0,1.41176470588,128,43,79,45,129,-9,-40
2,24.0,0.0,1.41176470588,127,43,78,47,129,-10,-39
2,24.0,1.41176470588,1.41176470588,125,45,76,49,132,-10,-36
2,24.0,2.82352941176,1.41176470588,124,45,76,49,134,-11,-34
2,22.5882352941,4.23529411765,1.41176470588,124,47,76,51,134,-11,-30
2,24.0,5.64705882353,2.82352941176,125,52,77,57,133,-11,-27
2,24.0,5.64705882353,2.82352941176,124,55,76,60,134,-11,-26
2,24.0,4.23529411765,2.82352941176,127,57,79,62,132,-10,-27
2,24.0,4.23529411765,4.23529411765,129,57,81,62,132,-9,-27
2,25.4117647059,5.64705882353,4.23529411765,134,50,86,55,132,-7,-28
2,25.4117647059,5.64705882353,4.23529411765,140,49,93,53,134,-5,-26
2,25.4117647059,5.64705882353,4.23529411765,144,48,96,51,131,-3,-26
2,25.4117647059,5.64705882353,5.64705882353,152,51,103,54,130,0,-26
2,25.4117647059,5.64705882353,5.64705882353,154,54,106,57,131,1,-26
2,25.4117647059,4.23529411765,4.23529411765,157,59,110,61,132,2,-27
2,25.4117647059,4.23529411765,2.82352941176,159,61,111,63,131,3,-27
2,25.4117647059,4.23529411765,1.41176470588,162,59,114,61,131,4,-27
2,25.4117647059,4.23529411765,1.41176470588,164,57,115,58,129,4,-27
2,25.4117647059,4.23529411765,1.41176470588,166,55,118,56,130,5,-27
2,25.4117647059,5.64705882353,0.0,167,52,119,53,130,6,-28
2,25.4117647059,5.64705882353,0.0,169,50,120,50,130,6,-28
2,25.4117647059,5.64705882353,0.0,172,44,123,45,129,7,-29
2,25.4117647059,5.64705882353,0.0,173,42,124,43,129,8,-30
2,25.4117647059,5.64705882353,0.0,174,41,125,41,130,8,-30
2,25.4117647059,4.23529411765,0.0,175,42,127,42,131,8,-32
2,24.0,4.23529411765,0.0,176,41,127,41,131,9,-32
2,24.0,4.23529411765,0.0,176,44,128,45,133,9,-32
2,24.0,2.82352941176,0.0,176,47,127,47,132,9,-33
2,24.0,1.41176470588,0.0,171,53,124,53,134,7,-35
2,24.0,1.41176470588,0.0,167,54,119,55,133,5,-37
2,24.0,1.41176470588,0.0,164,54,116,55,133,4,-37
2,24.0,0.0,0.0,156,54,108,54,132,1,-38
2,24.0,0.0,0.0,153,52,105,53,133,0,-39
2,24.0,0.0,0.0,148,52,100,53,133,-2,-39
2,22.5882352941,0.0,0.0,146,51,98,53,132,-2,-39
2,22.5882352941,0.0,0.0,144,49,96,51,134,-3,-40
2,22.5882352941,1.41176470588,0.0,142,45,95,47,135,-4,-39
2,22.5882352941,1.41176470588,0.0,142,45,94,47,134,-4,-39
2,22.5882352941,0.0,1.41176470588,142,47,94,50,134,-4,-40
2,21.1764705882,0.0,1.41176470588,145,50,96,53,134,-3,-41
2,21.1764705882,0.0,0.0,145,52,97,54,135,-3,-40
2,19.7647058824,0.0,0.0,147,55,99,57,137,-2,-39
2,19.7647058824,0.0,1.41176470588,147,54,99,56,136,-2,-39
2,19.7647058824,1.41176470588,1.41176470588,148,48,100,52,136,-2,-36
2,19.7647058824,4.23529411765,1.41176470588,149,44,100,48,134,-1,-33
2,19.7647058824,4.23529411765,1.41176470588,151,44,101,47,132,-1,-31
2,18.3529411765,4.23529411765,1.41176470588,153,44,104,48,132,0,-31
2,18.3529411765,4.23529411765,1.41176470588,154,43,104,47,130,0,-31
2,19.7647058824,4.23529411765,1.41176470588,151,46,99,50,126,-1,-30
2,19.7647058824,2.82352941176,1.41176470588,147,52,94,55,122,-3,-31
2,19.7647058824,2.82352941176,1.41176470588,146,53,92,56,121,-3,-31
2,21.1764705882,2.82352941176,1.41176470588,145,54,91,57,121,-4,-32
2,21.1764705882,1.41176470588,1.41176470588,144,55,90,57,119,-4,-32
2,21.1764705882,0.0,1.41176470588,141,58,84,61,113,-5,-34
2,22.5882352941,0.0,0.0,137,60,79,62,111,-7,-34
2,22.5882352941,0.0,0.0,136,61,78,63,110,-7,-33
2,22.5882352941,0.0,0.0,139,63,79,67,107,-6,-34
2,22.5882352941,0.0,0.0,141,63,80,66,106,-6,-34
2,22.5882352941,0.0,0.0,141,63,80,66,104,-5,-34
2,24.0,0.0,0.0,138,65,76,67,102,-6,-34
2,24.0,0.0,0.0,131,65,69,68,102,-8,-35
2,25.4117647059,0.0,0.0,129,65,67,68,102,-9,-35
2,25.4117647059,0.0,0.0,124,64,62,66,101,-10,-36
2,26.8235294118,0.0,0.0,116,63,55,66,101,-13,-35
2,26.8235294118,0.0,0.0,112,63,51,66,102,-14,-35
2,28.2352941176,0.0,0.0,104,63,44,65,103,-16,-34
2,29.6470588235,0.0,0.0,102,63,42,65,103,-17,-34
2,29.6470588235,0.0,0.0,99,62,40,64,103,-18,-34
2,29.6470588235,0.0,0.0,99,62,41,64,105,-18,-34
2,29.6470588235,0.0,0.0,99,62,42,64,107,-18,-34
2,29.6470588235,0.0,0.0,101,61,46,63,111,-18,-34
2,29.6470588235,0.0,0.0,104,60,49,62,112,-17,-34
2,28.2352941176,1.41176470588,0.0,111,55,59,57,119,-15,-35
2,26.8235294118,1.41176470588,0.0,118,51,66,53,121,-13,-35
2,25.4117647059,1.41176470588,0.0,124,50,74,51,126,-11,-36
2,25.4117647059,1.41176470588,0.0,127,49,78,51,129,-10,-36
2,24.0,1.41176470588,1.41176470588,133,50,86,52,135,-7,-37
2,22.5882352941,1.41176470588,1.41176470588,139,52,93,54,139,-5,-38
2,22.5882352941,1.41176470588,1.41176470588,141,52,96,54,143,-4,-38
2,21.1764705882,1.41176470588,2.82352941176,142,52,98,54,145,-3,-37
2,21.1764705882,1.41176470588,1.41176470588,142,52,99,54,149,-3,-37
2,21.1764705882,2.82352941176,1.41176470588,142,53,99,55,152,-3,-36
2,19.7647058824,1.41176470588,1.41176470588,141,56,99,57,155,-4,-35
2,19.7647058824,2.82352941176,1.41176470588,140,55,98,57,155,-4,-35
2,18.3529411765,2.82352941176,0.0,140,54,98,56,156,-4,-33
2,18.3529411765,4.23529411765,0.0,141,54,100,55,158,-4,-32
2,16.9411764706,4.23529411765,0.0,143,53,102,55,160,-3,-32
2,16.9411764706,4.23529411765,1.41176470588,146,50,104,53,157,-1,-31
2,15.5294117647,4.23529411765,1.41176470588,148,48,106,50,157,-1,-30
2,15.5294117647,5.64705882353,1.41176470588,149,44,107,47,155,0,-29
2,15.5294117647,5.64705882353,1.41176470588,150,43,107,45,152,0,-30
2,15.5294117647,4.23529411765,1.41176470588,151,40,107,42,149,0,-32
2,15.5294117647,4.23529411765,1.41176470588,150,41,105,42,147,0,-33
2,15.5294117647,4.23529411765,1.41176470588,149,38,103,40,142,-1,-35
2,15.5294117647,4.23529411765,1.41176470588,148,36,100,38,138,-2,-36
2,15.5294117647,4.23529411765,2.82352941176,146,35,98,37,137,-3,-36
2,16.9411764706,2.82352941176,1.41176470588,146,34,96,36,132,-3,-36
2,16.9411764706,2.82352941176,1.41176470588,144,35,92,37,127,-4,-37
2,16.9411764706,2.82352941176,1.41176470588,145,35,92,38,125,-4,-37
2,16.9411764706,1.41176470588,1.41176470588,144,40,90,42,122,-4,-37
2,18.3529411765,1.41176470588,1.41176470588,143,43,88,45,120,-4,-38
2,18.3529411765,0.0,1.41176470588,143,45,87,47,116,-5,-38
2,19.7647058824,0.0,2.82352941176,142,45,85,47,114,-5,-37
2,19.7647058824,1.41176470588,2.82352941176,143,44,84,47,111,-5,-36
2,19.7647058824,1.41176470588,2.82352941176,143,42,84,44,109,-5,-35
2,19.7647058824,2.82352941176,1.41176470588,144,43,83,45,107,-5,-33
2,19.7647058824,2.82352941176,1.41176470588,145,44,83,47,105,-4,-32
2,19.7647058824,2.82352941176,1.41176470588,145,44,81,46,102,-5,-31
2,21.1764705882,2.82352941176,1.41176470588,145,42,79,45,99,-5,-31
2,21.1764705882,2.82352941176,1.41176470588,145,41,78,43,96,-5,-30
2,21.1764705882,4.23529411765,1.41176470588,146,39,78,42,95,-5,-30
2,21.1764705882,4.23529411765,1.41176470588,147,34,78,37,93,-4,-31
2,21.1764705882,2.82352941176,1.41176470588,149,29,78,32,91,-4,-33
2,21.1764705882,2.82352941176,1.41176470588,150,26,79,29,91,-4,-34
2,22.5882352941,2.82352941176,1.41176470588,150,28,80,31,91,-4,-34
2,22.5882352941,1.41176470588,1.41176470588,150,30,80,33,91,-4,-34
2,24.0,1.41176470588,1.41176470588,149,31,80,34,92,-4,-34
2,24.0,2.82352941176,1.41176470588,148,31,80,33,93,-4,-34
2,24.0,2.82352941176,1.41176470588,147,29,80,32,95,-4,-34
2,24.0,2.82352941176,1.41176470588,147,27,81,30,97,-4,-34
2,24.0,4.23529411765,1.41176470588,146,27,83,29,100,-4,-33
2,24.0,4.23529411765,1.41176470588,147,24,86,26,104,-4,-33
2,24.0,4.23529411765,1.41176470588,147,23,87,25,105,-4,-33
2,24.0,5.64705882353,1.41176470588,147,23,88,25,107,-3,-33
2,24.0,5.64705882353,1.41176470588,146,22,89,24,111,-4,-32
2,22.5882352941,5.64705882353,1.41176470588,146,22,91,25,115,-3,-32
2,22.5882352941,5.64705882353,1.41176470588,148,22,93,24,117,-3,-31
2,22.5882352941,7.05882352941,1.41176470588,149,21,95,23,120,-2,-31
2,21.1764705882,7.05882352941,1.41176470588,148,22,96,24,122,-2,-30
2,21.1764705882,7.05882352941,1.41176470588,147,23,96,25,125,-2,-31
2,21.1764705882,7.05882352941,1.41176470588,146,24,95,26,127,-3,-30
2,21.1764705882,7.05882352941,1.41176470588,144,25,95,27,132,-3,-30
2,21.1764705882,7.05882352941,1.41176470588,142,24,94,26,134,-4,-30
2,19.7647058824,7.05882352941,1.41176470588,142,22,94,25,136,-4,-30
2,19.7647058824,8.47058823529,1.41176470588,142,21,94,24,136,-4,-29
2,19.7647058824,8.47058823529,1.41176470588,142,20,95,22,139,-4,-28
2,19.7647058824,9.88235294118,1.41176470588,143,19,97,21,141,-3,-27
2,18.3529411765,9.88235294118,1.41176470588,145,17,98,19,140,-3,-26
2,18.3529411765,9.88235294118,1.41176470588,144,19,97,21,139,-3,-24
2,18.3529411765,9.88235294118,1.41176470588,144,21,97,22,140,-3,-24
2,16.9411764706,9.88235294118,1.41176470588,145,22,97,23,139,-3,-25
2,16.9411764706,9.88235294118,1.41176470588,145,21,97,23,137,-3,-25
2,16.9411764706,9.88235294118,1.41176470588,146,19,97,21,134,-3,-26
2,16.9411764706,9.88235294118,2.82352941176,146,17,96,19,132,-3,-27
2,16.9411764706,9.88235294118,1.41176470588,147,17,96,19,129,-3,-27
2,16.9411764706,8.47058823529,1.41176470588,147,19,95,21,126,-3,-27
2,16.9411764706,8.47058823529,1.41176470588,148,20,94,22,123,-3,-28
2,16.9411764706,8.47058823529,1.41176470588,147,19,91,21,118,-3,-28
2,16.9411764706,7.05882352941,1.41176470588,147,18,89,20,115,-3,-29
2,16.9411764706,7.05882352941,1.41176470588,146,18,87,21,112,-4,-30
2,16.9411764706,7.05882352941,1.41176470588,145,18,85,21,109,-4,-31
2,18.3529411765,7.05882352941,1.41176470588,143,19,81,20,105,-5,-31
2,18.3529411765,5.64705882353,1.41176470588,143,19,80,20,103,-5,-31
2,18.3529411765,5.64705882353,1.41176470588,144,17,79,20,100,-5,-32
2,19.7647058824,5.64705882353,1.41176470588,147,17,79,19,97,-4,-32
2,19.7647058824,5.64705882353,1.41176470588,148,17,79,19,95,-4,-32
2,19.7647058824,4.23529411765,1.41176470588,148,16,78,19,92,-4,-32
2,19.7647058824,4.23529411765,1.41176470588,149,17,77,19,91,-4,-33
2,21.1764705882,4.23529411765,1.41176470588,148,17,75,19,88,-4,-33
2,21.1764705882,4.23529411765,1.41176470588,148