2,0.0,0.0,0.0,0,0,0,0,0,0,0
2,12.7058823529,-1.41176470588,-1.41176470588,20,694,20,694,0,0,0
2,12.7058823529,-1.41176470588,-1.41176470588,20,694,20,694,0,0,0
2,12.7058823529,-1.41176470588,-1.41176470588,20,694,20,694,0,0,0
2,12.7058823529,-1.41176470588,-1.41176470588,20,694,20,694,0,0,0
2,12.7058823529,-1.41176470588,-1.41176470588,20,694,20,694,0,0,0
2,12.7058823529,-1.41176470588,-1.41176470588,20,694,20,694,0,0,0
2,12.7058823529,-1.41176470588,-1.41176470588,20,694,20,694,0,0,0
2,12.7058823529,-1.41176470588,-1.41176470588,20,694,20,694,0,0,0
2,12.7058823529,-1.41176470588,-1.41176470588,20,694,20,694,0,0,0
2,12.7058823529,-1.41176470588,-1.41176470588,20,694,20,694,0,0,0
2,12.7058823529,-1.41176470588,-1.41176470588,20,694,20,694,0,0,0
2,12.7058823529,-1.41176470588,-1.41176470588,20,694,20,694,0,0,0
2,12.7058823529,-1.41176470588,-1.41176470588,20,694,20,694,0,0,0
2,12.7058823529,-1.41176470588,-1.41176470588,20,694,20,694,0,0,0
2,12.7058823529,-1.41176470588,-1.41176470588,20,694,20,694,0,0,0
2,12.7058823529,-1.41176470588,-1.41176470588,20,694,20,694,0,0,0
2,12.7058823529,-1.41176470588,-1.41176470588,20,694,20,694,0,0,0
2,12.7058823529,-1.41176470588,-1.41176470588,20,694,20,694,0,0,0
2,12.7058823529,-1.41176470588,-1.41176470588,20,694,20,694,0,0,0
2,12.7058823529,-1.41176470588,-1.41176470588,20,694,20,694,0,0,0
2,12.7058823529,-1.41176470588,-1.41176470588,20,694,20,694,0,0,0
2,12.7058823529,-2.82352941176,-1.41176470588,20,694,20,694,0,0,0
2,12.7058823529,-2.82352941176,-1.41176470588,20,694,20,694,0,0,0
2,12.7058823529,-2.82352941176,-1.41176470588,20,694,20,694,0,0,0
2,12.7058823529,-2.82352941176,-1.41176470588,20,694,20,694,0,0,0
2,12.7058823529,-4.23529411765,0.0,16,694,16,694,0,0,0
2,12.7058823529,-2.82352941176,0.0,8,690,8,690,0,0,0
2,12.7058823529,-1.41176470588,0.0,8,690,8,690,0,0,0
2,12.7058823529,0.0,0.0,12,690,12,690,0,0,0
2,12.7058823529,0.0,-2.82352941176,24,694,24,694,0,0,0
2,12.7058823529,1.41176470588,-4.23529411765,32,698,32,698,0,0,0
2,11.2941176471,1.41176470588,-9.88235294118,64,710,64,710,0,0,0
2,11.2941176471,2.82352941176,-12.7058823529,80,722,80,722,0,0,0
2,9.88235294118,2.82352941176,-16.9411764706,104,742,104,742,0,0,0
2,8.47058823529,2.82352941176,-18.3529411765,112,750,112,750,0,0,0
2,8.47058823529,2.82352941176,-18.3529411765,116,754,116,754,0,0,0
2,7.05882352941,4.23529411765,-18.3529411765,120,758,120,758,0,0,0
2,7.05882352941,5.64705882353,-18.3529411765,116,754,116,754,0,0,0
2,7.05882352941,5.64705882353,-16.9411764706,112,750,112,750,0,0,0
2,7.05882352941,5.64705882353,-16.9411764706,108,746,108,746,0,0,0
2,7.05882352941,5.64705882353,-14.1176470588,96,734,96,734,0,0,0
2,5.64705882353,5.64705882353,-11.2941176471,76,718,76,718,0,0,0
2,5.64705882353,7.05882352941,-9.88235294118,68,714,68,714,0,0,0
2,2.82352941176,9.88235294118,-7.05882352941,56,706,56,706,0,0,0
2,2.82352941176,9.88235294118,-5.64705882353,48,702,48,702,0,0,0
2,1.41176470588,9.88235294118,-5.64705882353,44,702,44,702,0,0,0
2,1.41176470588,8.47058823529,-5.64705882353,44,702,44,702,0,0,0
2,1.41176470588,7.05882352941,-7.05882352941,48,702,48,702,0,0,0
2,1.41176470588,5.64705882353,-5.64705882353,44,698,44,698,0,0,0
2,1.41176470588,7.05882352941,-2.82352941176,32,698,32,698,0,0,0
2,4.23529411765,7.05882352941,-2.82352941176,28,694,28,694,0,0,0
2,9.88235294118,4.23529411765,-4.23529411765,32,694,32,694,0,0,0
2,15.5294117647,1.41176470588,-5.64705882353,44,702,44,702,0,0,0
2,16.9411764706,0.0,-8.47058823529,56,706,56,706,0,0,0
2,19.7647058824,0.0,-11.2941176471,72,714,72,714,0,0,0
2,19.7647058824,1.41176470588,-12.7058823529,80,722,80,722,0,0,0
2,19.7647058824,1.41176470588,-12.7058823529,84,722,84,722,0,0,0
2,21.1764705882,0.0,-12.7058823529,84,722,84,722,0,0,0
2,22.5882352941,0.0,-11.2941176471,76,718,76,718,0,0,0
2,24.0,-1.41176470588,-9.88235294118,72,714,72,714,0,0,0
2,28.2352941176,-4.23529411765,-9.88235294118,64,710,64,710,0,0,0
2,31.0588235294,-4.23529411765,-8.47058823529,64,710,64,710,0,0,0
2,36.7058823529,-2.82352941176,-7.05882352941,52,706,52,706,0,0,0
2,39.5294117647,-1.41176470588,-7.05882352941,48,702,48,702,0,0,0
2,45.1764705882,-1.41176470588,-8.47058823529,60,706,60,706,0,0,0
2,46.5882352941,-1.41176470588,-11.2941176471,68,714,68,714,0,0,0
2,50.8235294118,-1.41176470588,-14.1176470588,88,726,88,726,0,0,0
2,52.2352941176,0.0,-15.5294117647,104,738,104,738,0,0,0
2,52.2352941176,0.0,-16.9411764706,104,742,104,742,0,0,0
2,53.6470588235,0.0,-16.9411764706,108,746,108,746,0,0,0
2,53.6470588235,0.0,-15.5294117647,100,738,100,738,0,0,0
2,53.6470588235,0.0,-14.1176470588,96,734,96,734,0,0,0
2,53.6470588235,0.0,-12.7058823529,88,730,88,730,0,0,0
2,53.6470588235,0.0,-12.7058823529,88,726,88,726,0,0,0
2,53.6470588235,0.0,-14.1176470588,88,730,88,730,0,0,0
2,52.2352941176,0.0,-14.1176470588,92,730,92,730,0,0,0
2,52.2352941176,0.0,-14.1176470588,92,730,92,730,0,0,0
2,52.2352941176,0.0,-14.1176470588,96,734,96,734,0,0,0
2,52.2352941176,0.0,-15.5294117647,96,734,96,734,0,0,0
2,52.2352941176,0.0,-15.5294117647,100,734,100,734,0,0,0
2,52.2352941176,0.0,-15.5294117647,96,734,96,734,0,0,0
2,52.2352941176,0.0,-14.1176470588,96,734,96,734,0,0,0
2,52.2352941176,0.0,-14.1176470588,96,734,96,734,0,0,0
2,52.2352941176,0.0,-15.5294117647,96,734,96,734,0,0,0
2,52.2352941176,0.0,-15.5294117647,100,738,100,738,0,0,0
2,50.8235294118,0.0,-15.5294117647,100,738,100,738,0,0,0
2,50.8235294118,0.0,-15.5294117647,100,738,100,738,0,0,0
2,50.8235294118,0.0,-16.9411764706,108,742,108,742,0,0,0
2,50.8235294118,0.0,-16.9411764706,108,746,108,746,0,0,0
2,50.8235294118,0.0,-16.9411764706,108,746,108,746,0,0,0
2,50.8235294118,0.0,-16.9411764706,108,746,108,746,0,0,0
2,50.8235294118,0.0,-16.9411764706,108,746,108,746,0,0,0
2,50.8235294118,0.0,-16.9411764706,108,746,108,746,0,0,0
2,50.8235294118,0.0,-16.9411764706,108,746,108,746,0,0,0
2,50.8235294118,0.0,-16.9411764706,108,746,108,746,0,0,0
2,50.8235294118,0.0,-16.9411764706,112,746,112,746,0,0,0
2,50.8235294118,0.0,-16.9411764706,112,750,112,750,0,0,0
2,50.8235294118,0.0,-16.9411764706,112,750,112,750,0,0,0
2,50.8235294118,0.0,-16.9411764706,112,746,112,746,0,0,0
2,50.8235294118,0.0,-16.9411764706,112,746,112,746,0,0,0
2,49.4117647059,0.0,-16.9411764706,108,746,108,746,0,0,0
2,49.4117647059,0.0,-15.5294117647,104,742,104,742,0,0,0
2,48.0,0.0,-15.5294117647,100,738,100,738,0,0,0
2,46.5882352941,0.0,-15.5294117647,100,738,100,738,0,0,0
2,45.1764705882,0.0,-15.5294117647,96,734,96,734,0,0,0
2,39.5294117647,0.0,-14.1176470588,92,730,92,730,0,0,0
2,36.7058823529,0.0,-14.1176470588,92,730,92,730,0,0,0
2,31.0588235294,0.0,-14.1176470588,92,730,92,730,0,0,0
2,28.2352941176,0.0,-14.1176470588,92,730,92,730,0,0,0
2,24.0,0.0,-12.7058823529,84,722,84,722,0,0,0
2,19.7647058824,-1.41176470588,-9.88235294118,68,714,68,714,0,0,0
2,18.3529411765,-1.41176470588,-8.47058823529,64,710,64,710,0,0,0
2,16.9411764706,-1.41176470588,-8.47058823529,60,706,60,706,0,0,0
2,15.5294117647,-2.82352941176,-8.47058823529,56,706,56,706,0,0,0
2,15.5294117647,-2.82352941176,-8.47058823529,56,706,56,706,0,0,0
2,14.1176470588,-2.82352941176,-7.05882352941,52,706,52,706,0,0,0
2,15.5294117647,-2.82352941176,-7.05882352941,52,706,52,706,0,0,0
2,14.1176470588,-1.41176470588,-8.47058823529,60,706,60,706,0,0,0
2,14.1176470588,-1.41176470588,-9.88235294118,72,714,72,714,0,0,0
2,14.1176470588,-1.41176470588,-11.2941176471,72,714,72,714,0,0,0
2,12.7058823529,0.0,-9.88235294118,68,710,68,710,0,0,0
2,12.7058823529,0.0,-8.47058823529,60,710,60,710,0,0,0
2,9.88235294118,0.0,-7.05882352941,56,706,56,706,0,0,0
2,9.88235294118,0.0,-7.05882352941,56,706,56,706,0,0,0
2,7.05882352941,0.0,-7.05882352941,52,706,52,706,0,0,0
2,2.82352941176,0.0,-5.64705882353,44,698,44,698,0,0,0
2,1.41176470588,-1.41176470588,-4.23529411765,36,698,36,698,0,0,0
2,1.41176470588,-2.82352941176,-1.41176470588,20,694,20,694,0,0,0
2,1.41176470588,-2.82352941176,0.0,8,690,8,690,0,0,0
2,1.41176470588,-4.23529411765,0.0,4,690,4,690,0,0,0
2,2.82352941176,-4.23529411765,0.0,0,690,0,690,0,0,0
2,4.23529411765,-4.23529411765,0.0,4,690,4,690,0,0,0
2,4.23529411765,-2.82352941176,-1.41176470588,16,690,16,690,0,0,0
2,4.23529411765,-2.82352941176,-4.23529411765,32,694,32,694,0,0,0
2,4.23529411765,-2.82352941176,-5.64705882353,252,100,44,698,0,0,0
2,5.64705882353,-2.82352941176,-5.64705882353,232,96,44,702,0,0,0
2,4.23529411765,-1.41176470588,-2.82352941176,257,52,28,694,0,0,0
2,2.82352941176,-1.41176470588,-1.41176470588,277,56,16,694,0,0,0
2,1.41176470588,-1.41176470588,0.0,337,44,8,690,0,0,0
2,0.0,-1.41176470588,0.0,381,32,4,690,0,0,0
2,0.0,0.0,0.0,108,16,0,690,0,0,0
2,0.0,0.0,0.0,180,20,0,690,59,-5,-2
2,-1.41176470588,0.0,0.0,277,44,0,690,59,-5,-2
2,-1.41176470588,0.0,0.0,305,44,4,690,59,-5,-2
2,-1.41176470588,0.0,0.0,333,60,8,690,59,-5,-2
2,-2.82352941176,0.0,-1.41176470588,333,76,20,694,59,-5,-2
2,-2.82352941176,0.0,-2.82352941176,28,694,28,694,59,-5,-2
2,-4.23529411765,1.41176470588,0.0,8,690,8,690,59,-5,-2
2,-7.05882352941,2.82352941176,0.0,8,690,8,690,59,-5,-2
2,-7.05882352941,0.0,-2.82352941176,24,694,24,694,59,-5,-2
2,-5.64705882353,-4.23529411765,-2.82352941176,28,694,28,694,59,-5,-2
2,-5.64705882353,-2.82352941176,-1.41176470588,16,694,16,694,59,-5,-2
2,-4.23529411765,0.0,0.0,4,690,4,690,59,-5,-2
2,-2.82352941176,0.0,0.0,4,690,4,690,59,-5,-2
2,-2.82352941176,0.0,0.0,0,690,0,690,59,-5,-2
2,-4.23529411765,0.0,1.41176470588,1024,690,1024,690,59,-5,-2
2,-4.23529411765,0.0,1.41176470588,1019,690,1019,690,59,-5,-2
2,-5.64705882353,0.0,0.0,1024,690,1024,690,59,-5,-2
2,-5.64705882353,0.0,0.0,0,690,0,690,59,-5,-2
2,-4.23529411765,0.0,0.0,4,690,4,690,59,-5,-2
2,-5.64705882353,0.0,-1.41176470588,12,690,12,690,59,-5,-2
2,-5.64705882353,0.0,-1.41176470588,16,690,16,690,59,-5,-2
2,-4.23529411765,-1.41176470588,-2.82352941176,24,694,24,694,59,-5,-2
2,-4.23529411765,-1.41176470588,-2.82352941176,24,694,24,694,59,-5,-2
2,-4.23529411765,0.0,-2.82352941176,28,694,28,694,59,-5,-2
2,-2.82352941176,0.0,-2.82352941176,28,694,28,694,59,-5,-2
2,-2.82352941176,-1.41176470588,-2.82352941176,28,694,28,694,59,-5,-2
2,-1.41176470588,-2.82352941176,-2.82352941176,28,694,28,694,59,-5,-2
2,-2.82352941176,0.0,-1.41176470588,16,694,16,694,59,-5,-2
2,-2.82352941176,-1.41176470588,0.0,8,690,8,690,59,-5,-2
2,-1.41176470588,-1.41176470588,0.0,0,690,0,690,59,-5,-2
2,-1.41176470588,0.0,0.0,0,690,0,690,59,-5,-2
2,-2.82352941176,0.0,0.0,489,16,128,20,60,-3,-2
2,-2.82352941176,0.0,0.0,497,40,136,48,61,-4,-2
2,-2.82352941176,0.0,0.0,514,64,160,68,62,-4,-2
2,-4.23529411765,0.0,0.0,12,690,184,28,62,-4,-2
2,-4.23529411765,0.0,0.0,12,690,188,28,62,-4,-2
2,-4.23529411765,0.0,-1.41176470588,12,690,208,28,62,-4,-2
2,-4.23529411765,0.0,-1.41176470588,16,690,216,20,62,-4,-2
2,-5.64705882353,0.0,-1.41176470588,20,694,20,694,62,-4,-2
2,-5.64705882353,0.0,-1.41176470588,20,694,20,694,62,-4,-2
2,-5.64705882353,0.0,-1.41176470588,20,694,20,694,62,-4,-2
2,-5.64705882353,0.0,-1.41176470588,20,694,20,694,62,-4,-2
2,-5.64705882353,0.0,-2.82352941176,24,694,24,694,62,-4,-2
2,-5.64705882353,0.0,-1.41176470588,20,694,20,694,62,-4,-2
2,-5.64705882353,0.0,-1.41176470588,20,694,20,694,62,-4,-2
2,-5.64705882353,0.0,-2.82352941176,24,694,24,694,62,-4,-2
2,-5.64705882353,0.0,-2.82352941176,28,694,28,694,62,-4,-2
2,-5.64705882353,0.0,-2.82352941176,28,694,28,694,62,-4,-2
2,-5.64705882353,0.0,-2.82352941176,24,694,24,694,62,-4,-2
2,-4.23529411765,0.0,-1.41176470588,20,694,20,694,62,-4,-2
2,-4.23529411765,0.0,-1.41176470588,20,694,20,694,62,-4,-2
2,-4.23529411765,0.0,-1.41176470588,20,694,20,694,62,-4,-2
2,-4.23529411765,0.0,-2.82352941176,24,694,24,694,62,-4,-2
2,-2.82352941176,0.0,-2.82352941176,28,694,28,694,62,-4,-2
2,-2.82352941176,0.0,-1.41176470588,24,694,24,694,62,-4,-2
2,-2.82352941176,0.0,-1.41176470588,16,694,16,694,62,-4,-2
2,-2.82352941176,0.0,0.0,8,690,8,690,62,-4,-2
2,-2.82352941176,1.41176470588,0.0,4,690,4,690,62,-4,-2
2,-2.82352941176,1.41176470588,0.0,4,690,4,690,62,-4,-2
2,-4.23529411765,1.41176470588,0.0,12,690,12,690,62,-4,-2
2,-4.23529411765,1.41176470588,-1.41176470588,16,690,16,690,62,-4,-2
2,-4.23529411765,2.82352941176,-1.41176470588,16,690,16,690,62,-4,-2
2,-4.23529411765,2.82352941176,-1.41176470588,16,690,16,690,62,-4,-2
2,-4.23529411765,1.41176470588,-1.41176470588,16,690,16,690,62,-4,-2
2,-4.23529411765,1.41176470588,0.0,12,690,12,690,62,-4,-2
2,-4.23529411765,1.41176470588,0.0,12,690,12,690,62,-4,-2
2,-4.23529411765,1.41176470588,0.0,12,690,12,690,62,-4,-2
2,-4.23529411765,0.0,0.0,12,690,12,690,62,-4,-2
2,-4.23529411765,0.0,-1.41176470588,16,690,16,690,62,-4,-2
2,-4.23529411765,0.0,-1.41176470588,16,690,16,690,62,-4,-2
2,-4.23529411765,-1.41176470588,-1.41176470588,16,690,16,690,62,-4,-2
2,-2.82352941176,-1.41176470588,-2.82352941176,24,694,24,694,62,-4,-2
2,-2.82352941176,-2.82352941176,-2.82352941176,24,694,24,694,62,-4,-2
2,-2.82352941176,-2.82352941176,-1.41176470588,24,694,24,694,62,-4,-2
2,-2.82352941176,-2.82352941176,-1.41176470588,20,694,20,694,62,-4,-2
2,-2.82352941176,-2.82352941176,-1.41176470588,104,84,473,88,68,-11,-5
2,-4.23529411765,-2.82352941176,0.0,104,48,473,56,61,-7,-2
2,-4.23529411765,-2.82352941176,0.0,108,44,477,52,61,-6,-2
2,-4.23529411765,-2.82352941176,0.0,116,44,485,48,61,-6,-2
2,-4.23529411765,-2.82352941176,0.0,128,40,497,44,61,-5,-2
2,-4.23529411765,-2.82352941176,-1.41176470588,132,36,497,44,62,-5,-2
2,-4.23529411765,-2.82352941176,-1.41176470588,132,36,501,48,62,-5,-2
2,-4.23529411765,-2.82352941176,-1.41176470588,132,40,497,52,62,-4,-3
2,-4.23529411765,-2.82352941176,-1.41176470588,132,44,497,56,62,-4,-2
2,-4.23529411765,-2.82352941176,-1.41176470588,132,44,497,56,62,-4,-2
2,-4.23529411765,-2.82352941176,-1.41176470588,132,48,501,56,62,-4,-2
2,-4.23529411765,-2.82352941176,-1.41176470588,132,52,501,60,62,-4,-2
2,-4.23529411765,-2.82352941176,-1.41176470588,136,60,501,64,62,-4,-2
2,-4.23529411765,-4.23529411765,-1.41176470588,140,84,505,84,62,-4,-2
2,-4.23529411765,-4.23529411765,-1.41176470588,136,100,505,100,62,-4,-2
2,-4.23529411765,-5.64705882353,-1.41176470588,132,128,501,124,61,-4,-1
2,-4.23529411765,-5.64705882353,-2.82352941176,116,184,485,180,61,-4,0
2,-4.23529411765,-7.05882352941,-2.82352941176,100,240,469,236,61,-4,0
2,-2.82352941176,-8.47058823529,-4.23529411765,76,208,445,212,60,-5,3
2,-2.82352941176,-8.47058823529,-2.82352941176,64,236,437,236,60,-6,3
2,-2.82352941176,-8.47058823529,-2.82352941176,64,208,437,208,59,-6,3
2,-2.82352941176,-8.47058823529,-2.82352941176,72,176,445,172,59,-6,3
2,-2.82352941176,-8.47058823529,-2.82352941176,76,188,449,184,60,-6,3
2,-2.82352941176,-7.05882352941,-2.82352941176,80,152,453,148,60,-6,3
2,-2.82352941176,-5.64705882353,-2.82352941176,84,164,457,160,60,-6,2
2,-2.82352941176,-5.64705882353,-4.23529411765,84,156,457,156,60,-6,2
2,-2.82352941176,-5.64705882353,-2.82352941176,84,204,457,200,60,-6,2
2,-2.82352941176,-8.47058823529,-2.82352941176,88,321,457,309,60,-6,3
2,-2.82352941176,-9.88235294118,-2.82352941176,88,309,461,297,60,-6,3
2,-2.82352941176,-12.7058823529,-4.23529411765,84,228,461,220,60,-6,5
2,-2.82352941176,-11.2941176471,-4.23529411765,88,144,465,144,59,-6,4
2,-2.82352941176,-8.47058823529,-4.23529411765,88,104,465,104,59,-6,2
2,-2.82352941176,-5.64705882353,-2.82352941176,92,164,465,164,60,-6,2
2,-2.82352941176,-5.64705882353,-2.82352941176,88,240,461,240,60,-6,1
2,-2.82352941176,-7.05882352941,-1.41176470588,84,252,457,252,60,-6,2
2,-2.82352941176,-8.47058823529,-1.41176470588,84,240,457,236,60,-6,3
2,-2.82352941176,-8.47058823529,-1.41176470588,80,232,453,232,60,-6,3
2,-2.82352941176,-8.47058823529,-1.41176470588,84,200,461,200,60,-6,3
2,-2.82352941176,-8.47058823529,-1.41176470588,92,184,469,184,60,-6,3
2,-2.82352941176,-7.05882352941,-1.41176470588,92,184,469,184,60,-6,3
2,-2.82352941176,-8.47058823529,-2.82352941176,88,184,465,184,60,-6,2
2,-2.82352941176,-8.47058823529,-2.82352941176,84,184,461,184,60,-6,3
2,-2.82352941176,-7.05882352941,-1.41176470588,84,180,461,180,60,-6,2
2,-2.82352941176,-7.05882352941,-1.41176470588,88,188,461,184,59,-6,2
2,-2.82352941176,-8.47058823529,-2.82352941176,88,188,465,184,59,-6,2
2,-2.82352941176,-8.47058823529,-2.82352941176,88,180,465,176,59,-6,2
2,-2.82352941176,-8.47058823529,-2.82352941176,84,176,461,172,60,-6,2
2,-2.82352941176,-8.47058823529,-2.82352941176,64,168,437,172,60,-6,2
2,-1.41176470588,-9.88235294118,-2.82352941176,28,136,389,136,60,-7,1
2,0.0,-9.88235294118,-2.82352941176,12,124,357,128,61,-8,1
2,0.0,-8.47058823529,-4.23529411765,32,698,285,108,65,-10,0
2,0.0,-4.23529411765,-2.82352941176,28,694,285,92,65,-10,0
2,0.0,0.0,-1.41176470588,20,694,337,140,65,-10,0
2,-4.23529411765,0.0,0.0,76,84,425,92,65,-6,1
2,-5.64705882353,1.41176470588,0.0,96,152,441,160,66,-7,-1
2,-5.64705882353,0.0,1.41176470588,108,124,449,120,67,-7,-2
2,-5.64705882353,0.0,1.41176470588,92,128,433,120,68,-7,-2
2,-2.82352941176,-1.41176470588,1.41176470588,48,120,385,116,67,-8,-1
2,0.0,-4.23529411765,0.0,0,690,265,28,72,-10,-4
2,0.0,-2.82352941176,0.0,4,690,236,84,72,-10,-4
2,0.0,1.41176470588,0.0,0,690,289,112,72,-10,-4
2,0.0,4.23529411765,0.0,0,690,337,80,72,-10,-4
2,-1.41176470588,5.64705882353,0.0,100,232,421,240,69,-8,-1
2,-4.23529411765,2.82352941176,0.0,172,168,489,176,72,-7,-1
2,-5.64705882353,2.82352941176,0.0,200,52,514,52,73,-7,-1
2,-7.05882352941,2.82352941176,0.0,224,32,538,32,74,-4,-4
2,-7.05882352941,4.23529411765,0.0,236,32,550,32,75,-4,-5
2,-7.05882352941,2.82352941176,0.0,252,56,562,52,76,-3,-5
2,-7.05882352941,0.0,0.0,244,176,550,172,76,-2,-5
2,-7.05882352941,-1.41176470588,0.0,196,180,505,176,76,-2,-3
2,-5.64705882353,-1.41176470588,0.0,152,196,461,200,75,-4,0
2,-5.64705882353,-1.41176470588,0.0,152,265,457,265,76,-5,1
2,-5.64705882353,-1.41176470588,-1.41176470588,144,341,445,333,76,-6,3
2,-5.64705882353,-1.41176470588,-1.41176470588,128,313,433,305,76,-7,4
2,-5.64705882353,-1.41176470588,-1.41176470588,132,281,437,273,76,-7,4
2,-5.64705882353,0.0,-1.41176470588,140,224,449,216,76,-7,4
2,-7.05882352941,0.0,-1.41176470588,160,224,465,216,76,-7,3
2,-7.05882352941,0.0,-1.41176470588,192,212,497,196,78,-7,1
2,-8.47058823529,0.0,-1.41176470588,236,172,534,164,80,-5,1
2,-9.88235294118,0.0,0.0,269,160,566,152,81,-4,0
2,-9.88235294118,0.0,0.0,301,212,586,192,84,-2,-2
2,-9.88235294118,-1.41176470588,0.0,277,192,562,168,85,-1,-3
2,-8.47058823529,-2.82352941176,-1.41176470588,240,124,522,108,84,-1,-3
2,-4.23529411765,-1.41176470588,-1.41176470588,132,96,409,96,83,-4,-3
2,-1.41176470588,0.0,-2.82352941176,64,200,341,200,80,-8,-3
2,-2.82352941176,2.82352941176,-4.23529411765,84,236,353,248,82,-11,0
2,-4.23529411765,4.23529411765,-4.23529411765,124,289,397,297,85,-12,0
2,-7.05882352941,1.41176470588,-1.41176470588,184,341,449,345,89,-11,1
2,-8.47058823529,0.0,0.0,257,281,518,277,91,-8,2
2,-9.88235294118,0.0,0.0,273,208,534,200,92,-7,1
2,-9.88235294118,0.0,0.0,273,152,534,140,92,-4,-1
2,-8.47058823529,0.0,0.0,265,144,526,132,92,-4,-2
2,-8.47058823529,0.0,0.0,248,248,509,240,91,-4,-3
2,-8.47058823529,0.0,0.0,252,293,509,293,92,-4,-2
2,-8.47058823529,0.0,0.0,269,273,530,273,92,-4,-1
2,-9.88235294118,0.0,0.0,293,180,554,180,93,-3,0
2,-9.88235294118,0.0,0.0,297,156,558,156,93,-2,-1
2,-9.88235294118,0.0,0.0,301,220,562,216,93,-2,-2
2,-9.88235294118,0.0,0.0,277,132,542,132,92,-1,-3
2,-8.47058823529,-1.41176470588,0.0,236,132,501,136,91,-2,-4
2,-7.05882352941,-1.41176470588,0.0,188,44,453,52,90,-4,-4
2,-7.05882352941,-1.41176470588,0.0,184,48,449,56,88,-6,-5
2,-7.05882352941,1.41176470588,0.0,192,60,457,68,90,-7,-6
2,-8.47058823529,1.41176470588,0.0,212,136,473,128,91,-7,-7
2,-8.47058823529,1.41176470588,0.0,220,136,485,132,91,-7,-6
2,-8.47058823529,1.41176470588,0.0,208,136,469,136,91,-6,-6
2,-8.47058823529,1.41176470588,0.0,216,132,477,132,91,-7,-5
2,-8.47058823529,1.41176470588,0.0,220,168,477,168,92,-6,-6
2,-8.47058823529,0.0,-1.41176470588,192,208,453,212,92,-7,-4
2,-8.47058823529,0.0,-1.41176470588,184,216,445,216,91,-7,-4
2,-8.47058823529,0.0,-1.41176470588,172,196,433,192,91,-8,-3
2,-7.05882352941,0.0,-1.41176470588,152,172,413,172,90,-9,-2
2,-7.05882352941,0.0,-1.41176470588,156,128,417,128,90,-9,-3
2,-8.47058823529,1.41176470588,0.0,184,104,445,100,91,-9,-4
2,-8.47058823529,2.82352941176,0.0,212,188,469,180,93,-9,-6
2,-8.47058823529,1.41176470588,-1.41176470588,208,240,469,232,93,-8,-4
2,-8.47058823529,0.0,-1.41176470588,212,248,469,244,92,-7,-3
2,-9.88235294118,0.0,-1.41176470588,224,148,481,144,93,-7,-3
2,-9.88235294118,0.0,0.0,252,104,509,100,94,-6,-4
2,-9.88235294118,1.41176470588,0.0,252,148,514,144,94,-5,-5
2,-9.88235294118,0.0,-1.41176470588,232,180,489,172,94,-5,-6
2,-9.88235294118,0.0,-1.41176470588,228,188,485,184,94,-5,-5
2,-9.88235294118,0.0,-1.41176470588,232,176,489,172,94,-5,-4
2,-9.88235294118,0.0,-1.41176470588,224,136,481,128,94,-6,-4
2,-9.88235294118,0.0,-1.41176470588,216,132,473,128,94,-6,-5
2,-8.47058823529,1.41176470588,-1.41176470588,204,148,461,148,93,-7,-5
2,-9.88235294118,1.41176470588,-1.41176470588,204,168,461,164,94,-7,-5
2,-9.88235294118,0.0,-1.41176470588,204,200,465,196,93,-7,-4
2,-9.88235294118,0.0,-1.41176470588,204,212,465,204,93,-7,-3
2,-9.88235294118,0.0,-1.41176470588,204,212,461,204,93,-7,-3
2,-8.47058823529,0.0,-1.41176470588,196,212,453,208,92,-7,-2
2,-8.47058823529,0.0,-1.41176470588,188,208,449,204,92,-8,-2
2,-8.47058823529,0.0,0.0,188,204,449,204,92,-8,-2
2,-8.47058823529,0.0,-1.41176470588,180,228,441,224,91,-8,-2
2,-8.47058823529,0.0,-1.41176470588,164,252,429,248,92,-8,-2
2,-8.47058823529,0.0,-1.41176470588,128,261,393,265,90,-10,-1
2,-7.05882352941,-1.41176470588,-1.41176470588,116,313,377,309,90,-11,0
2,-7.05882352941,-2.82352941176,-1.41176470588,100,353,361,345,89,-12,2
2,-7.05882352941,-2.82352941176,-1.41176470588,96,277,361,277,88,-13,3
2,-7.05882352941,-1.41176470588,0.0,140,144,405,140,89,-13,2
2,-8.47058823529,0.0,0.0,188,36,453,36,90,-11,-3
2,-8.47058823529,0.0,0.0,192,12,453,16,91,-10,-5
2,-8.47058823529,5.64705882353,0.0,0,690,0,690,91,-10,-5
2,-8.47058823529,7.05882352941,0.0,0,690,0,690,91,-10,-5
2,-8.47058823529,7.05882352941,1.41176470588,469,92,208,76,91,-10,-5
2,-7.05882352941,4.23529411765,1.41176470588,425,144,164,140,91,-8,-7
2,-7.05882352941,2.82352941176,1.41176470588,405,196,140,192,90,-9,-6
2,-7.05882352941,1.41176470588,0.0,373,212,104,212,89,-11,-4
2,-7.05882352941,0.0,0.0,361,248,96,248,88,-12,-2
2,-7.05882352941,0.0,0.0,369,212,108,212,89,-13,0
2,-7.05882352941,1.41176470588,0.0,405,100,144,100,90,-13,-2
2,-8.47058823529,2.82352941176,0.0,445,28,180,24,91,-11,-6
2,-8.47058823529,5.64705882353,0.0,0,690,0,690,92,-11,-7
2,-8.47058823529,4.23529411765,1.41176470588,441,128,180,108,92,-7,-9
2,-7.05882352941,1.41176470588,1.41176470588,401,204,136,196,89,-9,-7
2,-7.05882352941,0.0,0.0,377,192,112,196,88,-10,-5
2,-5.64705882353,0.0,0.0,361,301,100,309,88,-12,-2
2,-5.64705882353,0.0,0.0,357,309,92,317,88,-12,-1
2,-5.64705882353,-1.41176470588,0.0,353,341,92,353,88,-13,1
2,-5.64705882353,-2.82352941176,-2.82352941176,365,353,104,369,89,-14,3
2,-7.05882352941,-2.82352941176,-4.23529411765,397,172,132,184,89,-13,3
2,-8.47058823529,0.0,-7.05882352941,425,120,164,128,90,-12,0
2,-9.88235294118,0.0,-8.47058823529,433,124,172,128,91,-11,-1
2,-9.88235294118,2.82352941176,-7.05882352941,56,706,56,706,94,-11,-4
2,-11.2941176471,5.64705882353,-4.23529411765,44,702,44,702,94,-11,-4
2,-9.88235294118,7.05882352941,0.0,481,92,208,44,94,-11,-4
2,-9.88235294118,4.23529411765,2.82352941176,485,188,224,180,93,-10,-8
2,-9.88235294118,1.41176470588,2.82352941176,461,164,200,160,93,-9,-7
2,-8.47058823529,-1.41176470588,1.41176470588,409,277,144,285,90,-9,-5
2,-7.05882352941,-2.82352941176,0.0,381,329,112,341,89,-10,-2
2,-7.05882352941,-5.64705882353,0.0,357,317,88,333,88,-10,0
2,-7.05882352941,-8.47058823529,-2.82352941176,337,333,68,349,87,-13,3
2,-7.05882352941,-8.47058823529,-4.23529411765,341,289,72,305,87,-14,3
2,-7.05882352941,-8.47058823529,-5.64705882353,353,277,84,285,88,-14,3
2,-7.05882352941,-7.05882352941,-5.64705882353,369,140,100,140,89,-14,2
2,-7.05882352941,-4.23529411765,-5.64705882353,80,742,112,48,89,-14,0
2,-8.47058823529,0.0,-4.23529411765,32,698,32,698,89,-14,0
2,-8.47058823529,7.05882352941,-2.82352941176,24,694,24,694,89,-14,0
2,-8.47058823529,9.88235294118,-1.41176470588,152,28,20,694,89,-14,0
2,-8.47058823529,11.2941176471,0.0,172,224,429,228,94,-15,-7
2,-8.47058823529,9.88235294118,0.0,168,305,421,301,94,-14,-6
2,-8.47058823529,7.05882352941,0.0,160,337,417,333,94,-13,-4
2,-8.47058823529,1.41176470588,-1.41176470588,144,381,397,377,94,-12,0
2,-8.47058823529,0.0,-1.41176470588,128,385,385,377,93,-12,1
2,-8.47058823529,-5.64705882353,-1.41176470588,112,445,373,417,92,-12,4
2,-8.47058823529,-7.05882352941,-1.41176470588,112,357,377,349,90,-12,5
2,-8.47058823529,-8.47058823529,-1.41176470588,112,337,373,325,90,-12,5
2,-8.47058823529,-8.47058823529,-2.82352941176,116,220,381,212,90,-12,5
2,-7.05882352941,-5.64705882353,-2.82352941176,116,96,381,92,89,-12,3
2,-8.47058823529,-2.82352941176,-2.82352941176,120,80,385,80,90,-12,1
2,-8.47058823529,0.0,-1.41176470588,128,44,393,52,90,-12,-2
2,-8.47058823529,0.0,-1.41176470588,136,24,56,730,90,-12,-3
2,-8.47058823529,5.64705882353,0.0,12,690,12,690,90,-12,-3
2,-8.47058823529,9.88235294118,0.0,200,40,457,44,110,-22,-13
2,-9.88235294118,8.47058823529,0.0,212,208,469,200,94,-12,-9
2,-9.88235294118,0.0,0.0,188,349,449,341,93,-9,-2
2,-9.88235294118,0.0,0.0,188,317,453,297,92,-9,0
2,-9.88235294118,-2.82352941176,0.0,176,341,437,333,92,-8,2
2,-8.47058823529,-5.64705882353,-1.41176470588,156,389,421,377,90,-9,4
2,-8.47058823529,-7.05882352941,-2.82352941176,152,269,417,261,90,-10,5
2,-8.47058823529,-5.64705882353,-2.82352941176,156,224,421,220,90,-10,4
2,-8.47058823529,-4.23529411765,-4.23529411765,176,140,441,140,91,-10,0
2,-9.88235294118,-1.41176470588,-4.23529411765,188,64,453,72,91,-9,-1
2,-9.88235294118,0.0,-2.82352941176,28,694,28,694,91,-9,-2
2,-9.88235294118,2.82352941176,0.0,12,690,12,690,91,-9,-2
2,-9.88235294118,4.23529411765,0.0,4,690,4,690,91,-9,-2
2,-9.88235294118,4.23529411765,0.0,0,690,0,690,91,-9,-2
2,-9.88235294118,2.82352941176,0.0,445,32,0,690,91,-9,-2
2,-9.88235294118,2.82352941176,0.0,449,120,184,124,90,-8,-9
2,-8.47058823529,-2.82352941176,1.41176470588,429,461,160,473,90,-8,-3
2,-7.05882352941,-7.05882352941,0.0,377,353,108,365,88,-10,4
2,-7.05882352941,-5.64705882353,0.0,389,200,116,204,87,-11,3
2,-7.05882352941,-5.64705882353,0.0,397,184,124,188,87,-11,1
2,-8.47058823529,-1.41176470588,-1.41176470588,20,694,20,694,88,-11,-1
2,-8.47058823529,0.0,-1.41176470588,20,694,20,694,88,-11,-1
2,-9.88235294118,4.23529411765,-1.41176470588,16,694,16,694,88,-11,-1
2,-9.88235294118,7.05882352941,0.0,216,152,433,120,88,-11,-1
2,-11.2941176471,5.64705882353,0.0,244,413,505,413,93,-12,-5
2,-11.2941176471,0.0,0.0,216,421,481,409,92,-8,2
2,-9.88235294118,-2.82352941176,0.0,192,413,457,397,91,-7,3
2,-9.88235294118,-5.64705882353,0.0,156,160,429,164,89,-8,4
2,-9.88235294118,-2.82352941176,0.0,20,726,12,694,89,-9,-1
2,-9.88235294118,0.0,0.0,8,690,8,690,89,-9,-1
2,-9.88235294118,5.64705882353,0.0,0,690,0,690,89,-9,-1
2,-9.88235294118,8.47058823529,0.0,0,690,0,690,89,-9,-1
2,-9.88235294118,8.47058823529,0.0,192,337,449,333,93,-13,-7
2,-8.47058823529,1.41176470588,0.0,148,413,413,405,91,-11,-1
2,-8.47058823529,1.41176470588,0.0,152,224,417,224,91,-11,3
2,-9.88235294118,5.64705882353,0.0,228,96,493,104,91,-10,1
2,-11.2941176471,7.05882352941,1.41176470588,257,160,518,164,93,-8,-2
2,-9.88235294118,4.23529411765,1.41176470588,232,228,493,220,94,-6,-3
2,-8.47058823529,2.82352941176,0.0,172,196,433,196,92,-7,-2
2,-8.47058823529,1.41176470588,0.0,164,248,429,252,92,-8,-2
2,-9.88235294118,0.0,0.0,164,273,425,273,92,-9,-1
2,-9.88235294118,0.0,0.0,160,228,425,236,92,-9,0
2,-9.88235294118,0.0,0.0,156,212,425,208,91,-9,0
2,-8.47058823529,0.0,0.0,152,216,417,212,91,-10,-1
2,-8.47058823529,0.0,0.0,144,220,409,220,90,-10,-2
2,-8.47058823529,0.0,0.0,132,204,397,204,90,-11,-1
2,-7.05882352941,0.0,0.0,112,192,377,192,89,-11,-1
2,-7.05882352941,0.0,0.0,108,184,377,184,89,-12,-2
2,-8.47058823529,0.0,-1.41176470588,120,184,389,188,89,-12,-2
2,-8.47058823529,0.0,-1.41176470588,132,204,397,200,90,-12,-3
2,-8.47058823529,0.0,-1.41176470588,132,228,397,224,91,-12,-3
2,-8.47058823529,0.0,-2.82352941176,136,252,397,252,91,-12,-1
2,-8.47058823529,0.0,-1.41176470588,136,265,401,261,91,-12,-1
2,-8.47058823529,0.0,-1.41176470588,136,289,401,285,90,-11,0
2,-8.47058823529,-1.41176470588,-2.82352941176,136,257,401,252,90,-11,1
2,-8.47058823529,-1.41176470588,-2.82352941176,136,277,401,273,90,-11,1
2,-8.47058823529,-1.41176470588,-2.82352941176,128,285,393,277,90,-11,1
2,-8.47058823529,-1.41176470588,-2.82352941176,124,216,393,208,89,-12,1
2,-8.47058823529,-1.41176470588,-2.82352941176,128,289,393,281,90,-12,0
2,-8.47058823529,-1.41176470588,-2.82352941176,104,228,373,220,88,-12,0
2,-7.05882352941,0.0,-2.82352941176,104,220,373,220,89,-13,0
2,-8.47058823529,-1.41176470588,-1.41176470588,108,252,377,248,89,-13,0
2,-8.47058823529,-1.41176470588,-1.41176470588,128,244,393,244,89,-13,0
2,-8.47058823529,-1.41176470588,0.0,168,236,433,228,91,-12,0
2,-8.47058823529,-1.41176470588,-1.41176470588,172,257,433,248,92,-11,0
2,-9.88235294118,0.0,-2.82352941176,172,252,437,252,91,-10,0
2,-9.88235294118,-1.41176470588,-1.41176470588,172,236,437,236,91,-9,0
2,-9.88235294118,-1.41176470588,-1.41176470588,184,212,445,212,92,-9,0
2,-9.88235294118,0.0,-1.41176470588,188,224,453,220,92,-9,-1
2,-9.88235294118,0.0,-1.41176470588,180,244,441,240,92,-9,-1
2,-8.47058823529,-1.41176470588,-2.82352941176,148,232,409,232,92,-9,0
2,-8.47058823529,0.0,-1.41176470588,128,196,393,196,90,-10,-1
2,-8.47058823529,0.0,-1.41176470588,124,224,389,228,90,-11,-1
2,-8.47058823529,0.0,0.0,120,305,385,293,91,-12,-1
2,-7.05882352941,-2.82352941176,-1.41176470588,100,341,365,329,89,-12,2
2,-7.05882352941,-2.82352941176,-1.41176470588,112,321,377,309,89,-13,2
2,-8.47058823529,-2.82352941176,-2.82352941176,164,56,429,60,90,-12,-1
2,-8.47058823529,-1.41176470588,-2.82352941176,172,36,24,694,91,-12,-2
2,-9.88235294118,0.0,-2.82352941176,200,100,465,100,107,-18,-9
2,-9.88235294118,0.0,-2.82352941176,216,108,477,112,91,-11,-6
2,-9.88235294118,0.0,0.0,269,220,514,220,613,-74,-104
2,-11.2941176471,0.0,0.0,261,289,530,293,91,-6,-4
2,-11.2941176471,-1.41176470588,0.0,257,377,530,381,90,-4,0
2,-9.88235294118,-8.47058823529,1.41176470588,212,333,485,325,89,-4,3
2,-8.47058823529,-9.88235294118,1.41176470588,184,309,457,301,88,-5,3
2,-7.05882352941,-8.47058823529,0.0,132,56,405,52,87,-7,1
2,-7.05882352941,-2.82352941176,-1.41176470588,16,694,16,694,86,-9,-2
2,-7.05882352941,0.0,0.0,16,694,16,694,86,-9,-2
2,-5.64705882353,2.82352941176,0.0,4,690,4,690,86,-9,-2
2,-5.64705882353,5.64705882353,0.0,4,690,4,690,86,-9,-2
2,-5.64705882353,8.47058823529,0.0,0,690,0,690,86,-9,-2
2,-7.05882352941,8.47058823529,0.0,393,124,128,112,89,-9,-6
2,-7.05882352941,7.05882352941,1.41176470588,413,204,148,188,89,-10,-6
2,-8.47058823529,2.82352941176,4.23529411765,433,269,164,261,89,-10,-4
2,-8.47058823529,0.0,5.64705882353,429,309,156,301,88,-9,-2
2,-7.05882352941,-1.41176470588,7.05882352941,389,313,108,317,85,-10,0
2,-5.64705882353,-1.41176470588,4.23529411765,369,377,92,389,84,-11,3
2,-5.64705882353,-2.82352941176,2.82352941176,377,449,96,461,84,-12,4
2,-7.05882352941,-4.23529411765,1.41176470588,377,493,100,505,85,-12,7
2,-7.05882352941,-7.05882352941,1.41176470588,365,501,88,514,84,-12,9
2,-5.64705882353,-8.47058823529,0.0,321,273,40,281,84,-13,9
2,-4.23529411765,-4.23529411765,0.0,297,48,28,48,86,-16,3
2,-4.23529411765,-1.41176470588,0.0,301,44,32,40,85,-16,1
2,-4.23529411765,0.0,0.0,313,20,44,20,84,-16,-5
2,-4.23529411765,1.41176470588,0.0,321,20,48,16,84,-16,-7
2,-4.23529411765,2.82352941176,2.82352941176,349,108,80,88,86,-16,-8
2,-5.64705882353,2.82352941176,2.82352941176,365,136,96,116,86,-15,-8
2,-5.64705882353,1.41176470588,4.23529411765,377,261,108,252,86,-13,-5
2,-5.64705882353,0.0,2.82352941176,373,248,100,252,86,-13,-3
2,-5.64705882353,0.0,2.82352941176,369,305,92,301,85,-13,0
2,-7.05882352941,0.0,4.23529411765,369,393,92,389,85,-13,3
2,-7.05882352941,0.0,4.23529411765,369,417,88,413,84,-13,4
2,-5.64705882353,-1.41176470588,5.64705882353,325,357,64,361,87,-14,6
2,-4.23529411765,-1.41176470588,5.64705882353,297,357,1003,766,90,-15,6
2,-2.82352941176,-1.41176470588,2.82352941176,240,240,1011,694,90,-15,6
2,-2.82352941176,0.0,1.41176470588,269,224,1019,690,90,-15,6
2,-4.23529411765,0.0,1.41176470588,289,281,1015,690,90,-15,6
2,-4.23529411765,0.0,2.82352941176,313,224,1011,694,90,-15,6
2,-5.64705882353,0.0,4.23529411765,389,277,124,301,86,-11,1
2,-7.05882352941,0.0,4.23529411765,405,240,140,244,88,-12,1
2,-7.05882352941,0.0,2.82352941176,429,188,164,188,89,-11,0
2,-7.05882352941,0.0,2.82352941176,441,252,180,248,91,-10,-1
2,-7.05882352941,0.0,2.82352941176,433,228,168,220,90,-10,-1
2,-7.05882352941,0.0,4.23529411765,429,208,164,200,89,-9,-1
2,-7.05882352941,0.0,1.41176470588,421,277,156,281,89,-9,-1
2,-7.05882352941,0.0,0.0,401,216,136,212,89,-10,0
2,-7.05882352941,0.0,0.0,397,220,132,212,89,-10,0
2,-7.05882352941,0.0,0.0,381,204,120,196,89,-11,-1
2,-7.05882352941,0.0,1.41176470588,381,240,116,232,89,-12,-1
2,-7.05882352941,0.0,2.82352941176,381,240,116,236,88,-12,0
2,-7.05882352941,0.0,1.41176470588,381,257,116,257,89,-12,0
2,-7.05882352941,0.0,1.41176470588,381,261,116,252,89,-12,0
2,-7.05882352941,0.0,1.41176470588,385,244,120,240,88,-12,0
2,-7.05882352941,0.0,1.41176470588,381,236,120,236,89,-12,0
2,-7.05882352941,0.0,1.41176470588,381,212,116,208,89,-12,0
2,-7.05882352941,0.0,2.82352941176,393,196,128,192,88,-12,-1
2,-7.05882352941,0.0,2.82352941176,401,204,136,200,89,-12,-1
2,-7.05882352941,1.41176470588,2.82352941176,393,184,128,176,89,-12,-1
2,-7.05882352941,1.41176470588,2.82352941176,393,257,124,228,89,-11,-1
2,-7.05882352941,2.82352941176,5.64705882353,385,313,116,301,86,-11,1
2,-5.64705882353,1.41176470588,7.05882352941,377,369,104,373,86,-12,3
2,-5.64705882353,0.0,5.64705882353,341,361,76,373,87,-13,5
2,-4.23529411765,0.0,2.82352941176,293,385,44,397,90,-15,5
2,-2.82352941176,0.0,0.0,273,313,20,313,89,-17,6
2,-4.23529411765,-2.82352941176,0.0,289,261,24,257,87,-18,4
2,-4.23529411765,-1.41176470588,0.0,305,160,36,152,85,-17,3
2,-5.64705882353,-1.41176470588,0.0,337,108,72,100,85,-17,-1
2,-5.64705882353,-1.41176470588,0.0,369,76,108,68,88,-16,-4
2,-7.05882352941,-1.41176470588,0.0,385,68,124,60,89,-15,-6
2,-7.05882352941,0.0,0.0,421,96,164,84,91,-13,-7
2,-8.47058823529,0.0,0.0,437,180,176,172,91,-12,-7
2,-9.88235294118,-1.41176470588,0.0,465,321,204,313,93,-10,-5
2,-9.88235294118,-2.82352941176,1.41176470588,469,381,204,373,92,-9,-1
2,-9.88235294118,-5.64705882353,1.41176470588,449,405,180,409,90,-8,3
2,-9.88235294118,-7.05882352941,0.0,433,409,164,417,90,-8,4
2,-8.47058823529,-7.05882352941,0.0,393,473,124,485,89,-9,7
2,-8.47058823529,-7.05882352941,0.0,357,425,84,433,87,-11,9
2,-7.05882352941,-7.05882352941,0.0,345,409,72,417,86,-12,9
2,-7.05882352941,-5.64705882353,0.0,349,301,76,309,85,-13,8
2,-7.05882352941,-4.23529411765,0.0,361,176,88,176,85,-13,4
2,-7.05882352941,0.0,2.82352941176,385,20,116,20,86,-13,-1
2,-7.05882352941,0.0,2.82352941176,397,0,128,8,88,-13,-4
2,-7.05882352941,1.41176470588,1.41176470588,1015,694,1015,694,88,-13,-5
2,-8.47058823529,4.23529411765,0.0,0,690,0,690,88,-13,-5
2,-8.47058823529,4.23529411765,0.0,485,60,0,690,88,-13,-5
2,-9.88235294118,4.23529411765,0.0,518,257,257,240,92,-4,-8
2,-11.2941176471,0.0,2.82352941176,546,401,285,405,93,-3,-3
2,-11.2941176471,-2.82352941176,2.82352941176,530,574,261,582,91,-3,3
2,-11.2941176471,-5.64705882353,2.82352941176,501,542,232,554,91,-3,6
2,-9.88235294118,-9.88235294118,2.82352941176,437,477,172,481,90,-5,11
2,-8.47058823529,-8.47058823529,4.23529411765,389,313,120,317,88,-9,9
2,-7.05882352941,-5.64705882353,4.23529411765,361,196,92,200,87,-10,7
2,-7.05882352941,-2.82352941176,4.23529411765,361,200,92,200,87,-11,4
2,-5.64705882353,0.0,4.23529411765,361,132,92,124,86,-13,1
2,-5.64705882353,0.0,4.23529411765,389,136,128,124,87,-13,0
2,-7.05882352941,2.82352941176,7.05882352941,461,40,200,20,90,-11,-4
2,-8.47058823529,7.05882352941,8.47058823529,522,52,269,40,94,-8,-8
2,-9.88235294118,8.47058823529,8.47058823529,558,156,305,152,95,-6,-9
2,-9.88235294118,5.64705882353,7.05882352941,554,152,301,152,95,-3,-9
2,-9.88235294118,2.82352941176,5.64705882353,530,112,273,108,95,-3,-8
2,-9.88235294118,1.41176470588,2.82352941176,489,80,228,68,92,-4,-7
2,-9.88235294118,1.41176470588,2.82352941176,473,84,216,72,93,-4,-8
2,-8.47058823529,0.0,1.41176470588,453,80,192,68,92,-6,-9
2,-8.47058823529,0.0,1.41176470588,441,108,180,96,92,-7,-9
2,-8.47058823529,0.0,1.41176470588,421,160,164,152,91,-8,-7
2,-8.47058823529,0.0,1.41176470588,401,168,140,160,91,-9,-6
2,-7.05882352941,-1.41176470588,1.41176470588,385,192,120,184,90,-11,-5
2,-7.05882352941,-2.82352941176,1.41176470588,369,192,104,184,89,-11,-4
2,-7.05882352941,-4.23529411765,1.41176470588,349,180,84,176,88,-13,-3
2,-7.05882352941,-2.82352941176,1.41176470588,353,168,88,168,88,-14,-3
2,-7.05882352941,-2.82352941176,0.0,357,160,96,156,88,-14,-3
2,-7.05882352941,-1.41176470588,0.0,377,116,116,108,89,-14,-3
2,-7.05882352941,0.0,1.41176470588,393,92,128,80,89,-13,-4
2,-8.47058823529,0.0,1.41176470588,433,136,172,136,91,-12,-5
2,-8.47058823529,1.41176470588,1.41176470588,449,184,188,184,92,-11,-4
2,-9.88235294118,1.41176470588,1.41176470588,485,285,224,285,92,-10,-3
2,-11.2941176471,1.41176470588,1.41176470588,514,321,252,321,93,-8,-2
2,-12.7058823529,0.0,4.23529411765,550,429,289,425,94,-5,3
2,-12.7058823529,-1.41176470588,5.64705882353,570,497,309,501,93,-3,5
2,-12.7058823529,-2.82352941176,7.05882352941,586,538,317,554,93,-2,6
2,-12.7058823529,-8.47058823529,4.23529411765,570,493,305,509,93,-1,9
2,-12.7058823529,-9.88235294118,2.82352941176,558,389,297,401,94,-1,10
2,-12.7058823529,-5.64705882353,1.41176470588,554,164,297,172,95,-1,7
2,-12.7058823529,-1.41176470588,1.41176470588,558,128,305,132,96,-1,1
2,-12.7058823529,0.0,1.41176470588,578,160,325,164,98,-1,-4
2,-12.7058823529,0.0,1.41176470588,586,156,337,160,99,0,-5
2,-12.7058823529,-1.41176470588,1.41176470588,590,176,341,172,99,0,-5
2,-12.7058823529,-2.82352941176,1.41176470588,594,140,349,132,100,1,-6
2,-12.7058823529,-1.41176470588,0.0,598,120,349,128,98,1,-6
2,-14.1176470588,0.0,1.41176470588,602,212,353,204,99,2,-6
2,-14.1176470588,0.0,1.41176470588,614,317,361,313,99,2,-4
2,-14.1176470588,-1.41176470588,1.41176470588,614,353,357,349,98,3,0
2,-14.1176470588,-2.82352941176,2.82352941176,598,409,341,405,97,2,4
2,-14.1176470588,-4.23529411765,4.23529411765,586,461,325,469,95,2,7
2,-14.1176470588,-4.23529411765,4.23529411765,586,493,325,509,95,1,8
2,-14.1176470588,-5.64705882353,4.23529411765,586,477,325,489,96,1,9
2,-14.1176470588,-7.05882352941,4.23529411765,578,421,317,429,95,1,10
2,-12.7058823529,-5.64705882353,2.82352941176,550,192,289,196,95,0,7
2,-12.7058823529,-1.41176470588,4.23529411765,546,104,285,108,95,-1,0
2,-12.7058823529,-1.41176470588,4.23529411765,542,104,285,104,95,-1,-3
2,-11.2941176471,0.0,4.23529411765,546,96,293,92,97,-2,-5
2,-11.2941176471,0.0,4.23529411765,554,72,301,64,96,-2,-7
2,-12.7058823529,-1.41176470588,4.23529411765,566,56,309,48,97,-1,-8
2,-12.7058823529,-1.41176470588,2.82352941176,570,1019,313,0,97,-1,-11
2,-12.7058823529,-1.41176470588,1.41176470588,44,722,1019,690,97,-1,-12
2,-12.7058823529,0.0,0.0,1024,690,1024,690,97,-1,-12
2,-12.7058823529,0.0,0.0,554,64,297,48,97,-1,-12
2,-12.7058823529,0.0,0.0,546,92,285,76,97,1,-12
2,-12.7058823529,0.0,1.41176470588,538,108,277,104,96,0,-10
2,-12.7058823529,0.0,1.41176470588,526,192,265,196,95,-2,-7
2,-12.7058823529,0.0,0.0,518,265,257,273,95,-2,-5
2,-12.7058823529,-1.41176470588,0.0,509,341,248,353,95,-3,-3
2,-14.1176470588,-2.82352941176,0.0,493,421,232,429,95,-5,4
2,-14.1176470588,-4.23529411765,0.0,505,449,240,465,94,-5,6
2,-14.1176470588,-4.23529411765,0.0,501,526,236,546,94,-5,9
2,-12.7058823529,-4.23529411765,0.0,489,562,224,586,94,-5,10
2,-12.7058823529,-7.05882352941,0.0,461,546,196,570,92,-6,13
2,-11.2941176471,-8.47058823529,0.0,457,518,196,538,93,-7,14
2,-11.2941176471,-8.47058823529,0.0,453,373,192,393,93,-7,13
2,-11.2941176471,-7.05882352941,0.0,465,265,204,273,94,-8,9
2,-11.2941176471,-5.64705882353,-1.41176470588,477,224,220,232,95,-7,4
2,-11.2941176471,-4.23529411765,0.0,505,176,252,176,97,-6,0
2,-12.7058823529,-4.23529411765,0.0,518,160,269,164,98,-6,-2
2,-12.7058823529,-4.23529411765,-1.41176470588,538,108,289,112,99,-4,-4
2,-12.7058823529,-4.23529411765,-2.82352941176,550,64,301,60,99,-3,-7
2,-14.1176470588,-2.82352941176,-2.82352941176,554,84,305,84,98,-2,-8
2,-14.1176470588,-1.41176470588,-2.82352941176,562,88,313,88,99,-2,-8
2,-14.1176470588,-1.41176470588,-1.41176470588,578,132,325,128,99,-1,-8
2,-15.5294117647,-1.41176470588,0.0,578,252,325,261,98,0,-5
2,-14.1176470588,-2.82352941176,0.0,562,361,301,373,96,0,-1
2,-14.1176470588,-2.82352941176,0.0,558,409,301,413,96,0,1
2,-14.1176470588,-4.23529411765,0.0,558,469,297,469,97,-1,4
2,-14.1176470588,-5.64705882353,0.0,558,526,293,534,95,-1,8
2,-14.1176470588,-5.64705882353,1.41176470588,558,578,293,586,95,-1,10
2,-14.1176470588,-7.05882352941,1.41176470588,550,590,285,610,94,-1,13
2,-14.1176470588,-8.47058823529,0.0,550,638,285,670,93,-1,15
2,-14.1176470588,-9.88235294118,0.0,518,489,252,509,94,-2,16
2,-14.1176470588,-8.47058823529,-1.41176470588,505,405,240,421,95,-3,15
2,-12.7058823529,-7.05882352941,0.0,485,289,224,289,94,-4,9
2,-11.2941176471,-4.23529411765,0.0,477,184,216,188,93,-5,4
2,-11.2941176471,-2.82352941176,0.0,477,188,216,192,94,-6,2
2,-9.88235294118,-2.82352941176,0.0,453,56,192,56,93,-7,-2
2,-9.88235294118,-1.41176470588,0.0,437,16,176,16,93,-7,-5
2,-9.88235294118,0.0,0.0,445,40,188,44,94,-8,-8
2,-9.88235294118,0.0,-1.41176470588,457,44,204,40,95,-8,-10
2,-9.88235294118,0.0,-1.41176470588,473,124,220,120,95,-8,-9
2,-11.2941176471,0.0,0.0,514,168,257,156,96,-6,-8
2,-12.7058823529,0.0,0.0,534,204,281,200,97,-6,-7
2,-12.7058823529,0.0,0.0,558,261,305,261,97,-5,-6
2,-14.1176470588,0.0,0.0,594,405,337,417,97,-2,-2
2,-15.5294117647,-2.82352941176,1.41176470588,598,481,337,481,97,0,4
2,-15.5294117647,-5.64705882353,2.82352941176,594,530,333,538,97,1,9
2,-15.5294117647,-5.64705882353,2.82352941176,594,566,333,578,97,1,11
2,-15.5294117647,-7.05882352941,1.41176470588,574,518,321,534,98,1,12
2,-14.1176470588,-7.05882352941,0.0,550,477,297,497,99,0,13
2,-14.1176470588,-7.05882352941,0.0,534,437,281,457,98,-1,12
2,-12.7058823529,-5.64705882353,0.0,501,325,248,337,98,-2,10
2,-12.7058823529,-4.23529411765,0.0,497,297,244,305,98,-3,8
2,-12.7058823529,-5.64705882353,0.0,493,317,244,317,99,-5,4
2,-11.2941176471,-4.23529411765,0.0,493,144,240,140,97,-5,2
2,-11.2941176471,-2.82352941176,0.0,497,120,244,120,98,-5,0
2,-11.2941176471,0.0,0.0,505,124,252,128,98,-5,-4
2,-11.2941176471,0.0,0.0,501,200,248,204,98,-5,-4
2,-11.2941176471,-1.41176470588,0.0,485,216,232,212,97,-5,-4
2,-11.2941176471,-2.82352941176,0.0,461,184,204,180,96,-6,-4
2,-11.2941176471,-2.82352941176,0.0,449,160,192,160,95,-7,-4
2,-11.2941176471,-4.23529411765,0.0,441,156,180,160,94,-8,-4
2,-9.88235294118,-4.23529411765,0.0,437,176,180,180,94,-8,-5
2,-9.88235294118,-4.23529411765,0.0,441,160,184,136,95,-9,-4
2,-9.88235294118,-4.23529411765,0.0,445,164,192,168,94,-9,-5
2,-9.88235294118,-5.64705882353,0.0,445,160,188,160,94,-9,-4
2,-9.88235294118,-4.23529411765,0.0,449,144,192,144,93,-8,-5
2,-9.88235294118,-4.23529411765,0.0,445,148,188,148,94,-9,-5
2,-9.88235294118,-4.23529411765,0.0,441,152,180,152,93,-9,-5
2,-9.88235294118,-4.23529411765,0.0,433,152,176,152,94,-9,-5
2,-9.88235294118,-4.23529411765,-1.41176470588,425,148,168,152,93,-9,-5
2,-9.88235294118,-4.23529411765,-1.41176470588,425,144,164,148,92,-9,-5
2,-9.88235294118,-4.23529411765,-1.41176470588,417,140,160,140,92,-10,-5
2,-9.88235294118,-4.23529411765,-1.41176470588,413,136,152,140,92,-10,-5
2,-9.88235294118,-4.23529411765,-1.41176470588,417,148,152,152,91,-10,-5
2,-9.88235294118,-4.23529411765,-1.41176470588,417,152,156,152,92,-10,-5
2,-9.88235294118,-4.23529411765,0.0,421,144,160,144,92,-10,-4
2,-9.88235294118,-2.82352941176,0.0,441,204,180,208,92,-10,-4
2,-11.2941176471,-1.41176470588,-1.41176470588,473,261,212,261,93,-9,-2
2,-11.2941176471,0.0,0.0,485,345,220,353,93,-8,-1
2,-11.2941176471,-1.41176470588,0.0,497,493,232,497,94,-7,3
2,-11.2941176471,-4.23529411765,0.0,489,586,224,590,92,-6,8
2,-11.2941176471,-5.64705882353,0.0,481,594,216,602,91,-6,11
2,-11.2941176471,-5.64705882353,1.41176470588,469,538,204,546,92,-6,13
2,-11.2941176471,-5.64705882353,2.82352941176,473,505,204,518,91,-6,14
2,-11.2941176471,-2.82352941176,1.41176470588,493,530,224,550,91,-6,13
2,-11.2941176471,-2.82352941176,1.41176470588,497,530,232,550,92,-6,13
2,-11.2941176471,-2.82352941176,1.41176470588,505,526,240,542,92,-6,14
2,-12.7058823529,-2.82352941176,1.41176470588,538,493,273,509,92,-5,14
2,-12.7058823529,-1.41176470588,0.0,566,538,305,558,94,-3,14
2,-14.1176470588,-2.82352941176,0.0,574,546,313,562,94,-1,14
2,-14.1176470588,-2.82352941176,0.0,574,558,309,570,95,-1,14
2,-14.1176470588,-5.64705882353,0.0,546,566,285,570,94,-1,14
2,-12.7058823529,-8.47058823529,-1.41176470588,497,405,236,425,93,-2,12
2,-11.2941176471,-9.88235294118,-2.82352941176,469,273,208,285,103,-5,9
2,-9.88235294118,-8.47058823529,-2.82352941176,433,144,172,144,93,-6,4
2,-9.88235294118,-7.05882352941,-2.82352941176,421,84,164,84,92,-8,1
2,-8.47058823529,-4.23529411765,-2.82352941176,28,698,152,28,93,-9,-3
2,-8.47058823529,0.0,-4.23529411765,32,694,156,56,93,-9,-3
2,-8.47058823529,0.0,-4.23529411765,409,76,160,76,95,-15,-8
2,-8.47058823529,0.0,-4.23529411765,417,68,164,56,96,-14,-8
2,-8.47058823529,0.0,-1.41176470588,425,68,172,60,95,-12,-9
2,-8.47058823529,0.0,0.0,433,112,184,108,95,-11,-10
2,-9.88235294118,0.0,0.0,437,120,184,112,96,-10,-8
2,-9.88235294118,-1.41176470588,0.0,437,64,184,60,94,-9,-8
2,-9.88235294118,0.0,0.0,437,56,184,52,94,-9,-9
2,-9.88235294118,0.0,0.0,437,48,184,44,94,-9,-9
2,-9.88235294118,0.0,0.0,437,36,184,36,94,-9,-10
2,-9.88235294118,0.0,0.0,441,108,188,104,96,-9,-10
2,-9.88235294118,0.0,0.0,445,128,196,124,94,-9,-9
2,-9.88235294118,0.0,0.0,469,164,216,164,96,-9,-7
2,-11.2941176471,0.0,0.0,485,180,228,184,95,-8,-6
2,-11.2941176471,0.0,0.0,526,257,269,265,96,-6,-4
2,-12.7058823529,0.0,0.0,558,405,305,417,97,-4,0
2,-12.7058823529,0.0,0.0,570,485,313,501,96,-2,3
2,-14.1176470588,-2.82352941176,0.0,582,570,321,586,95,-1,8
2,-14.1176470588,-5.64705882353,0.0,578,638,317,654,95,0,11
2,-14.1176470588,-11.2941176471,0.0,570,762,305,791,94,0,16
2,-14.1176470588,-12.7058823529,-2.82352941176,554,562,293,578,95,-1,19
2,-14.1176470588,-12.7058823529,-2.82352941176,562,558,305,574,96,-1,18
2,-14.1176470588,-9.88235294118,-2.82352941176,586,558,329,574,97,0,16
2,-15.5294117647,-8.47058823529,-2.82352941176,602,574,345,594,97,0,17
2,-15.5294117647,-8.47058823529,-2.82352941176,622,586,365,602,98,2,17
2,-16.9411764706,-7.05882352941,-2.82352941176,634,622,373,642,97,3,17
2,-16.9411764706,-7.05882352941,-4.23529411765,638,622,377,638,98,3,17
2,-16.9411764706,-7.05882352941,-4.23529411765,634,642,373,662,97,4,18
2,-16.9411764706,-7.05882352941,-4.23529411765,630,642,369,658,97,4,19
2,-16.9411764706,-7.05882352941,-4.23529411765,618,534,357,550,97,4,18
2,-15.5294117647,-7.05882352941,-4.23529411765,594,405,337,421,97,3,14
2,-15.5294117647,-5.64705882353,-4.23529411765,582,337,325,349,97,2,12
2,-14.1176470588,-4.23529411765,-2.82352941176,566,244,309,248,97,1,7
2,-14.1176470588,-2.82352941176,-2.82352941176,562,164,301,168,97,0,3
2,-14.1176470588,-2.82352941176,-1.41176470588,542,104,285,108,98,-1,-2
2,-12.7058823529,-1.41176470588,-1.41176470588,505,48,252,44,98,-2,-6
2,-12.7058823529,-1.41176470588,-2.82352941176,72,734,236,40,97,-3,-7
2,-11.2941176471,0.0,-4.23529411765,32,694,208,52,97,-3,-7
2,-11.2941176471,0.0,-4.23529411765,32,694,204,48,97,-3,-7
2,-11.2941176471,0.0,-2.82352941176,28,694,200,48,97,-3,-7
2,-11.2941176471,-1.41176470588,-2.82352941176,24,694,200,72,97,-3,-7
2,-11.2941176471,-2.82352941176,-2.82352941176,453,76,196,76,95,-14,-10
2,-11.2941176471,-2.82352941176,-2.82352941176,28,694,204,44,95,-14,-10
2,-11.2941176471,-2.82352941176,-2.82352941176,28,694,212,48,95,-14,-10
2,-11.2941176471,-2.82352941176,-2.82352941176,28,694,212,52,95,-14,-10
2,-11.2941176471,-2.82352941176,-2.82352941176,28,694,220,52,95,-14,-10
2,-11.2941176471,-1.41176470588,-2.82352941176,24,694,236,68,95,-14,-10
2,-12.7058823529,0.0,-1.41176470588,514,240,252,257,95,-10,-7
2,-12.7058823529,0.0,-2.82352941176,554,369,293,389,94,-6,-3
2,-14.1176470588,-1.41176470588,-2.82352941176,578,481,317,493,94,-4,1
2,-15.5294117647,-5.64705882353,0.0,618,582,349,590,94,-1,7
2,-15.5294117647,-8.47058823529,0.0,622,594,353,606,94,0,10
2,-15.5294117647,-12.7058823529,0.0,614,562,349,590,94,2,13
2,-14.1176470588,-14.1176470588,-1.41176470588,586,586,321,610,94,2,14
2,-14.1176470588,-14.1176470588,-1.41176470588,578,550,317,570,94,1,15
2,-14.1176470588,-14.1176470588,-2.82352941176,574,497,313,518,96,1,15
2,-14.1176470588,-12.7058823529,-2.82352941176,570,441,309,457,96,0,14
2,-14.1176470588,-9.88235294118,-2.82352941176,562,269,301,277,95,0,10
2,-14.1176470588,-5.64705882353,-1.41176470588,558,244,301,248,96,-1,6
2,-14.1176470588,-2.82352941176,-1.41176470588,546,265,289,277,96,-1,5
2,-12.7058823529,-1.41176470588,-1.41176470588,509,273,252,281,96,-2,3
2,-12.7058823529,0.0,-1.41176470588,505,248,248,252,96,-3,3
2,-12.7058823529,0.0,0.0,514,293,261,297,97,-4,2
2,-12.7058823529,0.0,0.0,509,273,252,281,97,-4,1
2,-12.7058823529,0.0,0.0,501,277,244,281,96,-4,1
2,-11.2941176471,0.0,0.0,493,289,236,297,95,-4,1
2,-11.2941176471,-1.41176470588,0.0,473,313,216,325,95,-5,2
2,-11.2941176471,-2.82352941176,0.0,457,313,200,321,94,-6,2
2,-11.2941176471,-2.82352941176,-1.41176470588,453,244,192,252,94,-7,2
2,-9.88235294118,-2.82352941176,0.0,449,252,188,252,93,-7,2
2,-9.88235294118,-2.82352941176,0.0,449,252,188,261,93,-8,1
2,-9.88235294118,-2.82352941176,-1.41176470588,449,257,188,261,94,-8,1
2,-11.2941176471,-1.41176470588,-1.41176470588,461,220,204,228,93,-8,0
2,-11.2941176471,-1.41176470588,-1.41176470588,473,208,212,212,93,-8,0
2,-11.2941176471,-1.41176470588,-1.41176470588,477,261,220,269,94,-7,0
2,-11.2941176471,-1.41176470588,-1.41176470588,493,289,236,297,95,-7,0
2,-11.2941176471,-2.82352941176,-1.41176470588,485,321,228,329,96,-6,2
2,-11.2941176471,-4.23529411765,-2.82352941176,481,281,224,289,95,-6,2
2,-11.2941176471,-4.23529411765,-2.82352941176,465,240,208,244,94,-6,2
2,-11.2941176471,-2.82352941176,-1.41176470588,465,277,208,281,95,-7,1
2,-9.88235294118,-2.82352941176,-1.41176470588,465,289,208,297,94,-7,1
2,-9.88235294118,-4.23529411765,-1.41176470588,453,313,200,317,95,-7,2
2,-9.88235294118,-4.23529411765,-1.41176470588,441,261,184,261,94,-8,2
2,-9.88235294118,-4.23529411765,-1.41176470588,421,317,164,321,93,-9,2
2,-9.88235294118,-4.23529411765,0.0,417,293,156,293,92,-9,2
2,-9.88235294118,-4.23529411765,-1.41176470588,409,285,148,293,92,-10,2
2,-8.47058823529,-4.23529411765,-1.41176470588,409,285,148,289,92,-10,2
2,-8.47058823529,-4.23529411765,-1.41176470588,401,252,140,257,92,-11,2
2,-8.47058823529,-2.82352941176,0.0,397,236,140,240,91,-11,2
2,-8.47058823529,-2.82352941176,0.0,401,232,140,240,91,-11,1
2,-8.47058823529,-2.82352941176,-1.41176470588,397,305,140,313,91,-11,1
2,-8.47058823529,-2.82352941176,-1.41176470588,397,269,136,273,92,-11,1
2,-8.47058823529,-2.82352941176,-1.41176470588,397,257,140,261,92,-12,2
2,-8.47058823529,-1.41176470588,-1.41176470588,405,257,148,261,92,-11,1
2,-8.47058823529,-2.82352941176,0.0,437,289,176,297,92,-10,1
2,-8.47058823529,-4.23529411765,-1.41176470588,433,265,172,273,92,-10,1
2,-8.47058823529,-2.82352941176,-2.82352941176,417,261,156,257,92,-10,1
2,-8.47058823529,-2.82352941176,-2.82352941176,413,261,152,257,92,-10,1
2,-8.47058823529,-2.82352941176,-2.82352941176,405,261,144,273,92,-11,1
2,-8.47058823529,-2.82352941176,-5.64705882353,385,204,128,236,90,-11,1
2,-8.47058823529,0.0,-11.2941176471,365,244,100,261,90,-12,0
2,-8.47058823529,0.0,-12.7058823529,385,277,124,281,92,-13,0
2,-9.88235294118,-1.41176470588,-7.05882352941,421,365,160,369,93,-12,1
2,-11.2941176471,-4.23529411765,-2.82352941176,694,461,208,437,95,-11,4
2,-11.2941176471,-4.23529411765,-1.41176470588,477,445,220,449,96,-9,6
2,-11.2941176471,-8.47058823529,0.0,481,505,228,530,95,-7,8
2,-9.88235294118,-8.47058823529,0.0,469,493,216,518,94,-7,10
2,-9.88235294118,-9.88235294118,-1.41176470588,473,425,212,441,94,-7,10
2,-11.2941176471,-8.47058823529,-2.82352941176,489,212,228,220,94,-7,9
2,-11.2941176471,-5.64705882353,-1.41176470588,509,96,248,100,94,-6,4
2,-11.2941176471,-2.82352941176,-1.41176470588,522,88,261,88,95,-6,2
2,-11.2941176471,0.0,0.0,534,100,277,104,95,-4,-4
2,-11.2941176471,0.0,0.0,8,690,8,690,97,-4,-7
2,-11.2941176471,1.41176470588,0.0,4,690,4,690,97,-4,-7
2,-11.2941176471,4.23529411765,0.0,0,690,0,690,97,-4,-7
2,-11.2941176471,5.64705882353,0.0,530,156,277,152,96,-7,-10
2,-11.2941176471,2.82352941176,0.0,538,289,285,293,96,-5,-6
2,-11.2941176471,1.41176470588,0.0,542,365,285,365,95,-4,-4
2,-12.7058823529,0.0,0.0,538,445,277,453,95,-3,1
2,-11.2941176471,-4.23529411765,0.0,522,550,257,570,94,-3,7
2,-11.2941176471,-5.64705882353,0.0,509,538,248,558,93,-3,8
2,-11.2941176471,-8.47058823529,0.0,489,574,232,590,93,-4,12
2,-11.2941176471,-9.88235294118,0.0,477,562,212,582,93,-5,13
2,-9.88235294118,-11.2941176471,-1.41176470588,441,389,180,401,92,-6,13
2,-8.47058823529,-8.47058823529,-1.41176470588,429,212,164,216,91,-8,8
2,-8.47058823529,-5.64705882353,-1.41176470588,425,224,160,220,91,-8,6
2,-9.88235294118,-2.82352941176,0.0,457,104,196,92,93,-9,1
2,-9.88235294118,0.0,0.0,473,68,216,56,94,-9,-2
2,-11.2941176471,1.41176470588,1.41176470588,36,726,12,726,95,-7,-6
2,-11.2941176471,7.05882352941,4.23529411765,1007,694,1007,694,95,-7,-6
2,-11.2941176471,8.47058823529,4.23529411765,1003,694,1003,694,95,-7,-6
2,-11.2941176471,11.2941176471,2.82352941176,574,136,325,144,98,-4,-9
2,-12.7058823529,9.88235294118,1.41176470588,582,228,329,232,98,-2,-9
2,-12.7058823529,4.23529411765,0.0,582,425,325,433,97,0,-3
2,-12.7058823529,0.0,0.0,558,445,297,449,95,0,3
2,-12.7058823529,-1.41176470588,0.0,550,441,285,449,94,-1,4
2,-11.2941176471,-5.64705882353,0.0,522,526,257,538,93,-2,8
2,-12.7058823529,-8.47058823529,0.0,530,578,261,598,92,-3,12
2,-12.7058823529,-12.7058823529,0.0,518,542,252,562,92,-3,13
2,-12.7058823529,-12.7058823529,0.0,522,429,257,445,92,-3,14
2,-12.7058823529,-11.2941176471,-1.41176470588,522,333,257,349,93,-3,11
2,-12.7058823529,-9.88235294118,-1.41176470588,526,301,261,313,93,-3,8
2,-12.7058823529,-9.88235294118,-1.41176470588,530,297,265,305,93,-3,6
2,-12.7058823529,-9.88235294118,0.0,538,232,273,244,93,-3,3
2,-12.7058823529,-9.88235294118,0.0,558,136,293,148,94,-2,0
2,-12.7058823529,-8.47058823529,0.0,566,48,305,48,93,-1,-4
2,-12.7058823529,-5.64705882353,-1.41176470588,16,694,16,694,94,-1,-5
2,-12.7058823529,-2.82352941176,-2.82352941176,28,694,28,694,94,-1,-5
2,-12.7058823529,-1.41176470588,-4.23529411765,36,698,36,698,94,-1,-5
2,-12.7058823529,0.0,-4.23529411765,40,698,40,698,94,-1,-5
2,-12.7058823529,0.0,-4.23529411765,36,698,36,698,94,-1,-5
2,-12.7058823529,0.0,-1.41176470588,297,136,558,140,95,-2,-7
2,-14.1176470588,0.0,0.0,325,228,582,220,95,-1,-5
2,-14.1176470588,0.0,0.0,341,289,602,281,95,0,-4
2,-14.1176470588,-1.41176470588,0.0,357,329,618,317,95,1,-3
2,-15.5294117647,-4.23529411765,0.0,357,349,618,337,96,2,1
2,-14.1176470588,-4.23529411765,0.0,357,473,618,449,96,3,5
2,-14.1176470588,-5.64705882353,-1.41176470588,337,550,598,530,97,3,9
2,-14.1176470588,-7.05882352941,-2.82352941176,317,626,578,610,96,2,11
2,-14.1176470588,-8.47058823529,-2.82352941176,297,602,558,582,96,1,13
2,-12.7058823529,-9.88235294118,-2.82352941176,285,469,542,453,96,-1,14
2,-12.7058823529,-5.64705882353,-4.23529411765,293,401,550,381,96,-1,11
2,-12.7058823529,-5.64705882353,-5.64705882353,281,405,538,393,95,-2,9
2,-12.7058823529,-5.64705882353,-4.23529411765,289,297,546,293,96,-2,7
2,-14.1176470588,-4.23529411765,-2.82352941176,317,172,578,164,96,-1,2
2,-14.1176470588,-2.82352941176,-1.41176470588,329,104,586,100,96,-1,1
2,-14.1176470588,0.0,0.0,349,28,8,690,96,0,-3
2,-14.1176470588,0.0,0.0,0,690,0,690,96,0,-3
2,-14.1176470588,1.41176470588,0.0,4,690,4,690,96,0,-3
2,-14.1176470588,0.0,-1.41176470588,16,690,16,690,96,0,-3
2,-12.7058823529,0.0,-2.82352941176,269,68,24,694,96,0,-3
2,-11.2941176471,0.0,-1.41176470588,261,108,518,116,95,-8,-10
2,-12.7058823529,0.0,0.0,281,200,538,200,96,-5,-8
2,-12.7058823529,-2.82352941176,0.0,301,196,562,196,96,-3,-6
2,-14.1176470588,-4.23529411765,0.0,325,224,586,224,96,-1,-4
2,-14.1176470588,-4.23529411765,1.41176470588,345,285,602,281,97,0,-2
2,-14.1176470588,-4.23529411765,1.41176470588,341,365,598,349,96,1,-1
2,-14.1176470588,-7.05882352941,0.0,317,453,578,433,96,1,3
2,-14.1176470588,-8.47058823529,0.0,309,530,570,509,96,1,6
2,-12.7058823529,-9.88235294118,0.0,309,538,570,514,95,0,8
2,-14.1176470588,-9.88235294118,-1.41176470588,309,534,566,518,96,0,11
2,-14.1176470588,-9.88235294118,-1.41176470588,313,497,570,485,96,0,12
2,-14.1176470588,-8.47058823529,-1.41176470588,317,489,574,477,96,0,12
2,-14.1176470588,-8.47058823529,0.0,317,425,578,409,96,0,10
2,-14.1176470588,-8.47058823529,0.0,313,365,570,349,96,0,10
2,-12.7058823529,-5.64705882353,-1.41176470588,293,325,550,317,96,0,8
2,-12.7058823529,-4.23529411765,-1.41176470588,285,277,542,277,96,-1,5
2,-12.7058823529,-4.23529411765,0.0,285,248,542,244,97,-2,4
2,-12.7058823529,-2.82352941176,0.0,313,216,566,212,98,-2,1
2,-14.1176470588,-2.82352941176,0.0,333,172,586,168,98,-1,-1
2,-15.5294117647,-1.41176470588,0.0,377,84,634,88,100,1,-4
2,-15.5294117647,0.0,1.41176470588,401,20,654,12,100,3,-8
2,-15.5294117647,0.0,0.0,385,24,638,12,102,5,-11
2,-15.5294117647,0.0,0.0,361,40,610,36,101,4,-12
2,-14.1176470588,0.0,0.0,341,120,590,124,101,3,-12
2,-14.1176470588,0.0,0.0,337,160,586,164,101,2,-11
2,-14.1176470588,-1.41176470588,0.0,313,136,558,136,101,1,-8
2,-12.7058823529,-2.82352941176,0.0,297,128,542,128,101,0,-8
2,-12.7058823529,-1.41176470588,0.0,269,72,518,72,100,-2,-8
2,-12.7058823529,-1.41176470588,0.0,257,64,509,84,99,-3,-8
2,-12.7058823529,0.0,0.0,252,116,501,116,100,-4,-9
2,-11.2941176471,-1.41176470588,0.0,240,152,489,152,99,-5,-8
2,-11.2941176471,-1.41176470588,0.0,236,124,485,124,99,-6,-6
2,-11.2941176471,-1.41176470588,0.0,240,140,489,144,98,-6,-7
2,-11.2941176471,-1.41176470588,0.0,248,136,493,136,99,-6,-7
2,-11.2941176471,-1.41176470588,0.0,252,132,501,128,99,-5,-7
2,-11.2941176471,-1.41176470588,0.0,257,132,505,132,99,-5,-7
2,-11.2941176471,-1.41176470588,0.0,269,124,522,120,98,-5,-7
2,-12.7058823529,0.0,0.0,285,120,538,120,98,-4,-7
2,-12.7058823529,0.0,0.0,289,128,542,128,97,-3,-7
2,-12.7058823529,0.0,0.0,301,116,554,116,97,-2,-6
2,-14.1176470588,0.0,0.0,317,156,570,156,98,-2,-6
2,-15.5294117647,2.82352941176,0.0,357,228,610,228,100,0,-5
2,-15.5294117647,1.41176470588,1.41176470588,385,409,638,405,99,2,-1
2,-15.5294117647,0.0,1.41176470588,381,433,638,421,100,3,0
2,-15.5294117647,-1.41176470588,1.41176470588,341,497,594,485,99,3,7
2,-14.1176470588,-2.82352941176,0.0,309,522,566,505,97,2,10
2,-12.7058823529,-4.23529411765,0.0,277,574,534,558,96,0,12
2,-12.7058823529,-4.23529411765,0.0,257,518,514,505,96,-1,13
2,-12.7058823529,-4.23529411765,0.0,244,425,497,421,96,-3,13
2,-12.7058823529,-2.82352941176,0.0,240,353,497,349,96,-4,11
2,-12.7058823529,0.0,0.0,224,244,485,240,95,-5,7
2,-11.2941176471,0.0,0.0,220,240,477,236,95,-5,5
2,-12.7058823529,1.41176470588,0.0,240,128,501,128,95,-6,1
2,-12.7058823529,2.82352941176,0.0,277,52,534,52,96,-5,-4
2,-12.7058823529,2.82352941176,0.0,289,20,546,12,96,-4,-8
2,-12.7058823529,2.82352941176,0.0,0,690,0,690,96,-3,-9
2,-12.7058823529,4.23529411765,0.0,0,690,0,690,96,-3,-9
2,-12.7058823529,4.23529411765,0.0,0,690,0,690,96,-3,-9
2,-11.2941176471,4.23529411765,0.0,481,68,208,28,96,-3,-9
2,-11.2941176471,1.41176470588,0.0,465,80,212,72,96,-5,-10
2,-9.88235294118,1.41176470588,0.0,461,96,208,96,96,-6,-9
2,-11.2941176471,1.41176470588,0.0,469,44,216,44,95,-7,-10
2,-11.2941176471,1.41176470588,0.0,485,44,228,40,95,-7,-10
2,-11.2941176471,2.82352941176,0.0,526,60,273,56,97,-6,-10
2,-12.7058823529,2.82352941176,0.0,558,136,305,136,97,-5,-10
2,-14.1176470588,0.0,0.0,606,305,353,313,99,-1,-6
2,-15.5294117647,0.0,0.0,614,361,357,365,98,0,-4
2,-15.5294117647,-1.41176470588,1.41176470588,602,401,345,425,98,1,2
2,-14.1176470588,-4.23529411765,0.0,574,505,317,522,96,1,6
2,-14.1176470588,-5.64705882353,0.0,546,477,289,493,96,1,8
2,-12.7058823529,-4.23529411765,0.0,534,437,277,449,96,-1,10
2,-12.7058823529,-2.82352941176,0.0,554,397,297,413,96,-2,9
2,-14.1176470588,-2.82352941176,0.0,566,465,305,485,96,-1,9
2,-14.1176470588,-2.82352941176,0.0,582,473,329,493,97,-1,10
2,-14.1176470588,-2.82352941176,0.0,590,485,333,505,97,0,10
2,-14.1176470588,-7.05882352941,-1.41176470588,562,437,305,449,96,0,9
2,-14.1176470588,-8.47058823529,-1.41176470588,554,236,301,240,97,0,6
2,-14.1176470588,-7.05882352941,0.0,562,140,305,140,96,-1,3
2,-14.1176470588,-4.23529411765,0.0,582,56,325,60,97,0,-2
2,-14.1176470588,-2.82352941176,0.0,12,694,325,16,97,0,-4
2,-14.1176470588,0.0,0.0,12,690,12,690,97,0,-4
2,-14.1176470588,0.0,-1.41176470588,16,690,16,690,97,0,-4
2,-14.1176470588,1.41176470588,-1.41176470588,20,694,20,694,97,0,-4
2,-14.1176470588,1.41176470588,-1.41176470588,20,694,20,694,97,0,-4
2,-12.7058823529,0.0,-1.41176470588,297,88,550,88,101,-8,-13
2,-12.7058823529,0.0,-1.41176470588,289,80,542,84,97,-4,-11
2,-12.7058823529,0.0,-1.41176470588,281,88,534,88,99,-3,-10
2,-12.7058823529,0.0,0.0,277,84,534,88,97,-3,-9
2,-12.7058823529,0.0,0.0,285,76,542,76,98,-3,-9
2,-14.1176470588,1.41176470588,0.0,317,104,574,100,97,-2,-9
2,-14.1176470588,1.41176470588,0.0,341,168,598,160,97,-1,-8
2,-15.5294117647,0.0,0.0,373,309,630,301,97,1,-5
2,-15.5294117647,0.0,0.0,381,425,642,417,98,2,-3
2,-15.5294117647,-4.23529411765,0.0,369,530,630,514,97,3,4
2,-14.1176470588,-5.64705882353,0.0,349,598,610,578,97,3,7
2,-14.1176470588,-8.47058823529,-1.41176470588,301,538,562,518,96,2,11
2,-12.7058823529,-9.88235294118,-2.82352941176,285,538,542,518,96,0,13
2,-12.7058823529,-8.47058823529,-2.82352941176,289,522,546,501,96,-1,13
2,-14.1176470588,-5.64705882353,-2.82352941176,313,546,566,530,97,-1,13
2,-14.1176470588,-5.64705882353,-2.82352941176,317,518,574,505,97,-1,13
2,-14.1176470588,-5.64705882353,-4.23529411765,301,457,558,449,97,-1,13
2,-14.1176470588,-4.23529411765,-2.82352941176,297,281,558,277,96,-1,9
2,-14.1176470588,-2.82352941176,-1.41176470588,301,240,558,236,97,-1,7
2,-14.1176470588,-1.41176470588,0.0,301,144,562,144,96,-1,4
2,-14.1176470588,-1.41176470588,0.0,305,80,562,72,96,-1,-2
2,-14.1176470588,0.0,0.0,8,690,8,690,97,-1,-5
2,-12.7058823529,0.0,0.0,8,690,8,690,97,-1,-5
2,-12.7058823529,4.23529411765,0.0,4,690,4,690,97,-1,-5
2,-12.7058823529,4.23529411765,0.0,0,690,0,690,97,-1,-5
2,-12.7058823529,2.82352941176,0.0,534,80,277,80,95,-8,-12
2,-12.7058823529,0.0,0.0,522,80,265,80,96,-5,-11
2,-12.7058823529,0.0,0.0,518,28,257,28,95,-5,-11
2,-12.7058823529,0.0,0.0,509,16,248,12,95,-4,-11
2,-12.7058823529,0.0,0.0,0,690,0,690,95,-4,-11
2,-12.7058823529,1.41176470588,0.0,0,690,0,690,95,-4,-11
2,-12.7058823529,1.41176470588,1.41176470588,501,0,1019,690,95,-4,-11
2,-14.1176470588,1.41176470588,2.82352941176,578,184,317,192,95,-5,-10
2,-14.1176470588,0.0,2.82352941176,574,252,309,257,95,-4,-9
2,-12.7058823529,-4.23529411765,0.0,526,518,261,526,93,-2,2
2,-12.7058823529,-9.88235294118,0.0,465,598,196,610,91,-4,8
2,-11.2941176471,-11.2941176471,0.0,409,542,140,558,90,-7,12
2,-9.88235294118,-11.2941176471,0.0,393,489,124,505,90,-8,12
2,-9.88235294118,-9.88235294118,0.0,377,357,108,365,88,-10,12
2,-9.88235294118,-8.47058823529,0.0,377,244,104,252,88,-11,9
2,-8.47058823529,-4.23529411765,0.0,393,156,120,160,88,-12,5
2,-9.88235294118,-2.82352941176,0.0,397,188,128,192,89,-12,2
2,-8.47058823529,-2.82352941176,0.0,389,76,120,68,89,-12,-2
2,-8.47058823529,0.0,0.0,4,690,4,690,89,-12,-4
2,-8.47058823529,0.0,0.0,0,690,0,690,89,-12,-4
2,-8.47058823529,4.23529411765,1.41176470588,1019,690,1019,690,89,-12,-4
2,-8.47058823529,4.23529411765,2.82352941176,437,64,176,60,92,-11,-8
2,-8.47058823529,4.23529411765,1.41176470588,437,80,176,76,92,-10,-8
2,-8.47058823529,2.82352941176,0.0,433,88,176,84,93,-10,-9
2,-8.47058823529,2.82352941176,0.0,441,52,180,44,92,-9,-8
2,-9.88235294118,2.82352941176,0.0,465,144,204,136,93,-9,-8
2,-9.88235294118,2.82352941176,0.0,481,269,220,265,93,-8,-6
2,-11.2941176471,0.0,0.0,497,393,236,397,93,-7,-2
2,-11.2941176471,-7.05882352941,0.0,505,538,240,550,92,-6,3
2,-11.2941176471,-11.2941176471,0.0,505,614,236,634,91,-5,6
2,-11.2941176471,-21.1764705882,0.0,489,674,220,698,90,-5,10
2,-11.2941176471,-25.4117647059,0.0,481,554,212,570,91,-5,13
2,-11.2941176471,-25.4117647059,0.0,465,313,196,321,91,-6,11
2,-11.2941176471,-24.0,-1.41176470588,465,204,196,208,91,-7,10
2,-11.2941176471,-15.5294117647,0.0,465,72,196,72,90,-7,4
2,-11.2941176471,-4.23529411765,0.0,8,690,8,690,90,-7,3
2,-12.7058823529,5.64705882353,0.0,0,690,0,690,90,-7,3
2,-12.7058823529,16.9411764706,1.41176470588,1019,690,1019,690,90,-7,3
2,-14.1176470588,24.0,2.82352941176,1011,694,1011,694,90,-7,3
2,-14.1176470588,26.8235294118,2.82352941176,1007,694,1007,694,90,-7,3
2,-12.7058823529,26.8235294118,2.82352941176,618,12,1007,694,90,-7,3
2,-12.7058823529,25.4117647059,2.82352941176,614,140,365,148,99,-3,-6
2,-12.7058823529,19.7647058824,1.41176470588,586,277,337,281,98,0,-5
2,-12.7058823529,15.5294117647,0.0,570,381,313,385,96,0,-4
2,-12.7058823529,5.64705882353,0.0,530,493,265,497,94,-1,0
2,-11.2941176471,0.0,0.0,501,530,236,542,90,-2,6
2,-11.2941176471,-4.23529411765,0.0,493,509,220,538,89,-3,7
2,-11.2941176471,-9.88235294118,0.0,469,522,200,542,91,-5,10
2,-11.2941176471,-11.2941176471,0.0,469,497,200,518,90,-6,11
2,-11.2941176471,-11.2941176471,-2.82352941176,465,473,196,501,90,-6,12
2,-11.2941176471,-9.88235294118,-4.23529411765,465,349,196,365,90,-7,10
2,-11.2941176471,-8.47058823529,-4.23529411765,469,373,204,385,91,-7,9
2,-11.2941176471,-8.47058823529,-4.23529411765,497,188,232,200,91,-6,5
2,-11.2941176471,-8.47058823529,-4.23529411765,509,156,244,168,92,-6,2
2,-11.2941176471,-5.64705882353,-5.64705882353,40,698,60,738,94,-5,-1
2,-12.7058823529,-1.41176470588,-4.23529411765,32,698,32,698,94,-5,-1
2,-12.7058823529,0.0,-2.82352941176,28,694,28,694,94,-5,-1
2,-12.7058823529,0.0,-1.41176470588,20,694,20,694,94,-5,-1
2,-12.7058823529,0.0,0.0,8,690,8,690,94,-5,-1
2,-12.7058823529,0.0,0.0,289,196,550,188,96,-8,-9
2,-12.7058823529,0.0,0.0,293,313,558,305,95,-6,-7
2,-14.1176470588,-7.05882352941,-1.41176470588,309,505,574,493,94,-3,-1
2,-14.1176470588,-11.2941176471,-1.41176470588,301,630,570,614,94,-2,3
2,-14.1176470588,-16.9411764706,-1.41176470588,281,493,546,481,94,-1,10
2,-14.1176470588,-18.3529411765,0.0,240,514,505,505,94,-3,12
2,-12.7058823529,-16.9411764706,0.0,200,437,465,413,94,-5,13
2,-11.2941176471,-12.7058823529,0.0,176,321,441,305,92,-7,10
2,-11.2941176471,-11.2941176471,0.0,176,341,441,333,92,-7,9
2,-11.2941176471,-7.05882352941,0.0,184,196,449,196,92,-8,7
2,-11.2941176471,-4.23529411765,0.0,212,156,473,152,92,-8,1
2,-11.2941176471,-2.82352941176,1.41176470588,192,76,453,80,93,-7,-2
2,-9.88235294118,0.0,1.41176470588,176,28,437,24,92,-8,-5
2,-9.88235294118,2.82352941176,2.82352941176,200,16,457,8,93,-8,-8
2,-9.88235294118,4.23529411765,1.41176470588,236,76,493,76,95,-7,-10
2,-11.2941176471,5.64705882353,1.41176470588,257,120,509,120,96,-6,-8
2,-11.2941176471,5.64705882353,1.41176470588,261,132,518,136,96,-6,-8
2,-12.7058823529,5.64705882353,0.0,289,240,546,240,96,-4,-6
2,-12.7058823529,4.23529411765,0.0,309,329,566,325,97,-3,-4
2,-14.1176470588,0.0,0.0,321,469,578,453,97,-1,0
2,-14.1176470588,-2.82352941176,0.0,297,570,558,550,96,-1,6
2,-14.1176470588,-4.23529411765,-1.41176470588,289,562,546,546,97,-1,9
2,-14.1176470588,-7.05882352941,-2.82352941176,289,654,550,634,97,-2,13
2,-15.5294117647,-7.05882352941,-1.41176470588,301,634,558,618,98,-2,15
2,-15.5294117647,-9.88235294118,-1.41176470588,301,622,558,598,97,-1,17
2,-14.1176470588,-9.88235294118,-2.82352941176,269,461,530,445,96,-2,16
2,-12.7058823529,-7.05882352941,-1.41176470588,244,236,509,224,94,-3,10
2,-11.2941176471,-4.23529411765,0.0,220,84,485,84,93,-4,3
2,-9.88235294118,0.0,0.0,204,36,465,40,93,-6,-3
2,-9.88235294118,0.0,0.0,204,40,465,44,94,-6,-5
2,-9.88235294118,1.41176470588,0.0,220,68,477,76,93,-7,-6
2,-9.88235294118,1.41176470588,0.0,224,48,481,52,94,-7,-8
2,-11.2941176471,2.82352941176,0.0,232,120,489,120,95,-6,-8
2,-11.2941176471,1.41176470588,0.0,228,156,485,152,94,-6,-7
2,-11.2941176471,0.0,0.0,228,128,485,128,94,-6,-6
2,-11.2941176471,0.0,0.0,236,152,493,156,95,-6,-6
2,-11.2941176471,0.0,0.0,261,220,518,216,95,-5,-5
2,-12.7058823529,0.0,0.0,265,180,522,180,96,-5,-4
2,-12.7058823529,0.0,0.0,261,269,522,269,96,-4,-3
2,-12.7058823529,-1.41176470588,0.0,257,405,518,405,96,-4,1
2,-14.1176470588,-1.41176470588,0.0,257,445,522,445,95,-4,3
2,-14.1176470588,-5.64705882353,0.0,244,578,509,558,94,-4,7
2,-12.7058823529,-8.47058823529,-1.41176470588,192,622,461,594,92,-5,13
2,-11.2941176471,-8.47058823529,-4.23529411765,168,598,437,574,92,-7,15
2,-12.7058823529,-9.88235294118,-7.05882352941,188,542,457,493,91,-8,15
2,-12.7058823529,-9.88235294118,-7.05882352941,192,469,457,445,92,-8,14
2,-12.7058823529,-8.47058823529,-5.64705882353,216,236,481,220,93,-8,10
2,-12.7058823529,-2.82352941176,-1.41176470588,224,88,485,88,93,-7,3
2,-11.2941176471,0.0,0.0,248,96,509,96,94,-6,-1
2,-12.7058823529,5.64705882353,1.41176470588,333,212,590,204,96,-4,-4
2,-12.7058823529,4.23529411765,0.0,357,156,610,152,97,0,-5
2,-12.7058823529,4.23529411765,0.0,333,116,590,120,96,1,-5
2,-12.7058823529,4.23529411765,0.0,321,124,574,132,96,1,-6
2,-12.7058823529,4.23529411765,0.0,297,204,554,204,96,0,-6
2,-12.7058823529,2.82352941176,-2.82352941176,248,365,509,357,94,-2,-2
2,-14.1176470588,0.0,-5.64705882353,224,505,489,497,94,-4,2
2,-14.1176470588,-2.82352941176,-5.64705882353,228,550,497,542,94,-4,4
2,-14.1176470588,-5.64705882353,-4.23529411765,220,646,485,634,94,-5,8
2,-14.1176470588,-8.47058823529,-2.82352941176,212,710,481,690,94,-5,14
2,-14.1176470588,-12.7058823529,-1.41176470588,212,766,481,738,92,-6,17
2,-14.1176470588,-16.9411764706,-2.82352941176,240,714,505,678,93,-6,19
2,-14.1176470588,-16.9411764706,-4.23529411765,248,546,514,518,93,-5,19
2,-14.1176470588,-14.1176470588,-4.23529411765,216,285,489,269,93,-5,14
2,-12.7058823529,-12.7058823529,-4.23529411765,188,244,457,232,93,-6,9
2,-9.88235294118,-9.88235294118,-1.41176470588,144,124,413,112,89,-8,4
2,-8.47058823529,-4.23529411765,0.0,128,104,401,100,87,-9,0
2,-5.64705882353,-1.41176470588,0.0,116,168,385,164,86,-10,-3
2,-4.23529411765,0.0,-1.41176470588,72,132,349,144,83,-11,-2
2,-4.23529411765,0.0,-2.82352941176,92,208,361,216,83,-13,-3
2,-7.05882352941,-1.41176470588,-2.82352941176,164,188,433,188,86,-12,-3
2,-8.47058823529,-2.82352941176,-1.41176470588,248,136,514,132,88,-11,-3
2,-12.7058823529,-1.41176470588,0.0,389,92,662,76,92,-5,-4
2,-14.1176470588,0.0,0.0,441,104,714,84,93,0,-5
2,-15.5294117647,0.0,0.0,514,76,791,56,91,7,-6
2,-15.5294117647,2.82352941176,0.0,542,48,20,694,88,10,-6
2,-14.1176470588,4.23529411765,-1.41176470588,20,694,16,694,88,10,-6
2,-14.1176470588,4.23529411765,-2.82352941176,24,694,24,694,88,10,-6
2,-14.1176470588,2.82352941176,-4.23529411765,32,694,32,694,88,10,-6
2,-12.7058823529,1.41176470588,-5.64705882353,40,698,40,698,88,10,-6
2,-12.7058823529,1.41176470588,-7.05882352941,48,702,48,702,88,10,-6
2,-12.7058823529,1.41176470588,-9.88235294118,64,710,64,710,88,10,-6
2,-12.7058823529,1.41176470588,-9.88235294118,68,714,68,714,88,10,-6
2,-14.1176470588,1.41176470588,-9.88235294118,72,714,72,714,88,10,-6
2,-15.5294117647,2.82352941176,-9.88235294118,68,714,68,714,88,10,-6
2,-18.3529411765,4.23529411765,-7.05882352941,52,706,52,706,88,10,-6
2,-19.7647058824,5.64705882353,-5.64705882353,48,702,48,702,88,10,-6
2,-21.1764705882,5.64705882353,-7.05882352941,48,702,48,702,88,10,-6
2,-24.0,7.05882352941,-8.47058823529,60,706,60,706,88,10,-6
2,-26.8235294118,8.47058823529,-7.05882352941,56,706,56,706,88,10,-6
2,-26.8235294118,7.05882352941,-7.05882352941,56,706,56,706,88,10,-6
2,-26.8235294118,7.05882352941,-7.05882352941,48,702,48,702,88,10,-6
2,-25.4117647059,7.05882352941,-5.64705882353,44,702,44,702,88,10,-6
2,-24.0,5.64705882353,-5.64705882353,44,702,44,702,88,10,-6
2,-22.5882352941,2.82352941176,-5.64705882353,40,698,40,698,88,10,-6
2,-18.3529411765,4.23529411765,-5.64705882353,44,698,44,698,88,10,-6
2,-15.5294117647,4.23529411765,-8.47058823529,56,706,56,706,88,10,-6
2,-14.1176470588,4.23529411765,-9.88235294118,64,710,64,710,88,10,-6
2,-12.7058823529,4.23529411765,-9.88235294118,68,710,68,710,88,10,-6
2,-11.2941176471,4.23529411765,-9.88235294118,68,714,68,714,88,10,-6
2,-12.7058823529,4.23529411765,-5.64705882353,48,702,48,702,88,10,-6
2,-12.7058823529,5.64705882353,-4.23529411765,40,698,40,698,88,10,-6
2,-15.5294117647,7.05882352941,-2.82352941176,28,694,28,694,88,10,-6
2,-15.5294117647,7.05882352941,-2.82352941176,28,694,28,694,88,10,-6
2,-16.9411764706,7.05882352941,-1.41176470588,16,694,16,694,88,10,-6
2,-18.3529411765,5.64705882353,0.0,4,690,4,690,88,10,-6
2,-16.9411764706,5.64705882353,0.0,0,690,0,690,88,10,-6
2,-15.5294117647,7.05882352941,0.0,0,690,0,690,88,10,-6
2,-14.1176470588,5.64705882353,0.0,12,690,12,690,88,10,-6
2,-12.7058823529,2.82352941176,-1.41176470588,16,690,16,690,88,10,-6
2,-11.2941176471,2.82352941176,-1.41176470588,20,694,20,694,88,10,-6
2,-9.88235294118,1.41176470588,-1.41176470588,20,694,20,694,88,10,-6
2,-8.47058823529,1.41176470588,-2.82352941176,24,694,24,694,88,10,-6
2,-7.05882352941,0.0,-4.23529411765,32,694,32,694,88,10,-6
2,-8.47058823529,1.41176470588,-2.82352941176,28,694,28,694,88,10,-6
2,-8.47058823529,2.82352941176,-1.41176470588,24,694,24,694,88,10,-6
2,-9.88235294118,5.64705882353,0.0,12,694,12,694,88,10,-6
2,-9.88235294118,5.64705882353,0.0,12,690,12,690,88,10,-6
2,-11.2941176471,5.64705882353,0.0,0,690,0,690,88,10,-6
2,-14.1176470588,4.23529411765,0.0,0,690,0,690,88,10,-6
2,-14.1176470588,4.23529411765,0.0,0,690,0,690,88,10,-6
2,-12.7058823529,4.23529411765,0.0,0,690,0,690,88,10,-6
2,-12.7058823529,5.64705882353,1.41176470588,1024,690,1024,690,88,10,-6
2,-12.7058823529,7.05882352941,2.82352941176,489,24,208,32,88,10,-6
2,-11.2941176471,4.23529411765,1.41176470588,538,333,224,337,78,2,-4
2,-11.2941176471,0.0,1.41176470588,514,377,200,381,78,0,-2
2,-9.88235294118,-1.41176470588,1.41176470588,457,550,136,558,76,-3,4
2,-9.88235294118,-4.23529411765,1.41176470588,429,606,104,618,75,-5,8
2,-8.47058823529,-8.47058823529,0.0,353,618,36,634,74,-8,12
2,-7.05882352941,-9.88235294118,0.0,309,558,12,578,78,-12,14
2,-7.05882352941,-11.2941176471,0.0,297,477,0,493,78,-14,14
2,-5.64705882353,-8.47058823529,0.0,289,281,0,690,78,-14,14
2,-5.64705882353,-7.05882352941,0.0,281,184,0,690,78,-14,14
2,-4.23529411765,-4.23529411765,0.0,265,80,0,690,78,-14,14
2,-4.23529411765,0.0,0.0,0,690,0,690,78,-14,14
2,-4.23529411765,0.0,1.41176470588,1024,690,1024,690,78,-14,14
2,-4.23529411765,2.82352941176,1.41176470588,1015,690,1015,690,78,-14,14
2,-5.64705882353,7.05882352941,2.82352941176,1011,690,1011,690,78,-14,14
2,-5.64705882353,7.05882352941,1.41176470588,1015,690,1015,690,78,-14,14
2,-7.05882352941,9.88235294118,0.0,1024,690,1024,690,78,-14,14
2,-7.05882352941,9.88235294118,0.0,449,88,148,84,75,-8,-6
2,-8.47058823529,8.47058823529,0.0,473,236,168,236,79,-8,-6
2,-9.88235294118,2.82352941176,-1.41176470588,481,457,168,461,78,-6,2
2,-11.2941176471,0.0,0.0,453,530,140,538,78,-6,7
2,-9.88235294118,0.0,0.0,425,634,104,650,76,-7,11
2,-9.88235294118,-1.41176470588,0.0,413,630,92,650,75,-8,13
2,-9.88235294118,-4.23529411765,0.0,397,626,68,650,74,-9,16
2,-9.88235294118,-5.64705882353,0.0,393,550,68,574,74,-10,16
2,-9.88235294118,-5.64705882353,0.0,397,437,72,457,74,-10,14
2,-8.47058823529,-5.64705882353,0.0,385,305,64,317,73,-10,10
2,-8.47058823529,-5.64705882353,0.0,373,248,52,261,74,-10,8
2,-7.05882352941,-4.23529411765,0.0,361,108,40,104,73,-11,4
2,-7.05882352941,-4.23529411765,0.0,357,52,40,48,74,-12,1
2,-7.05882352941,-2.82352941176,0.0,361,76,44,72,73,-12,-1
2,-7.05882352941,-2.82352941176,0.0,8,690,8,690,74,-12,-2
2,-7.05882352941,0.0,0.0,12,690,12,690,74,-12,-2
2,-7.05882352941,0.0,-1.41176470588,16,690,16,690,74,-12,-2
2,-7.05882352941,1.41176470588,-1.41176470588,16,690,16,690,74,-12,-2
2,-8.47058823529,1.41176470588,-1.41176470588,144,144,453,140,77,-17,-7
2,-9.88235294118,0.0,-1.41176470588,160,289,473,285,77,-11,-3
2,-9.88235294118,0.0,-1.41176470588,172,329,481,325,77,-10,-1
2,-9.88235294118,0.0,-1.41176470588,184,405,497,405,77,-8,2
2,-11.2941176471,-1.41176470588,0.0,200,586,514,578,78,-6,7
2,-11.2941176471,-4.23529411765,0.0,188,670,505,650,77,-5,12
2,-11.2941176471,-7.05882352941,0.0,160,654,477,622,77,-5,15
2,-9.88235294118,-7.05882352941,-1.41176470588,128,554,445,526,77,-6,16
2,-9.88235294118,-5.64705882353,-1.41176470588,100,381,417,369,76,-7,13
2,-9.88235294118,-5.64705882353,0.0,96,269,417,261,75,-8,11
2,-8.47058823529,-1.41176470588,0.0,92,116,409,120,75,-9,6
2,-7.05882352941,0.0,0.0,96,44,409,44,75,-9,0
2,-7.05882352941,0.0,0.0,88,16,401,8,75,-9,-2
2,-7.05882352941,0.0,0.0,100,8,4,694,77,-10,-5
2,-7.05882352941,0.0,0.0,4,690,4,690,77,-10,-5
2,-7.05882352941,0.0,-1.41176470588,20,694,20,694,77,-10,-5
2,-8.47058823529,2.82352941176,-1.41176470588,16,694,16,694,77,-10,-5
2,-8.47058823529,2.82352941176,0.0,16,694,16,694,77,-10,-5
2,-9.88235294118,2.82352941176,0.0,180,148,485,152,78,-14,-6
2,-9.88235294118,1.41176470588,0.0,184,269,493,273,77,-11,-5
2,-11.2941176471,0.0,-1.41176470588,208,461,522,449,77,-7,0
2,-12.7058823529,-5.64705882353,-1.41176470588,216,626,538,602,76,-5,7
2,-12.7058823529,-8.47058823529,-2.82352941176,212,566,530,546,77,-4,9
2,-12.7058823529,-9.88235294118,-1.41176470588,184,578,501,558,78,-4,13
2,-11.2941176471,-8.47058823529,-1.41176470588,160,574,481,558,77,-5,14
2,-9.88235294118,-5.64705882353,0.0,136,473,457,453,76,-6,14
2,-9.88235294118,-4.23529411765,0.0,128,453,449,433,75,-6,12
2,-9.88235294118,-2.82352941176,0.0,120,445,445,433,74,-7,11
2,-8.47058823529,-1.41176470588,0.0,96,116,421,116,73,-7,8
2,-7.05882352941,0.0,1.41176470588,96,84,421,84,73,-8,4
2,-7.05882352941,0.0,2.82352941176,108,20,429,0,73,-8,-1
2,-7.05882352941,2.82352941176,2.82352941176,538,0,228,16,76,-8,-4
2,-8.47058823529,2.82352941176,2.82352941176,622,24,317,48,78,-6,-5
2,-12.7058823529,4.23529411765,4.23529411765,779,1003,485,0,80,1,-7
2,-12.7058823529,5.64705882353,2.82352941176,1007,694,554,999,80,4,-8
2,-14.1176470588,7.05882352941,1.41176470588,1019,690,1019,690,80,4,-8
2,-12.7058823529,5.64705882353,0.0,8,690,8,690,80,4,-8
2,-12.7058823529,5.64705882353,-2.82352941176,20,694,20,694,80,4,-8
2,-12.7058823529,7.05882352941,-5.64705882353,44,698,44,698,80,4,-8
2,-11.2941176471,7.05882352941,-7.05882352941,52,702,52,702,80,4,-8
2,-11.2941176471,7.05882352941,-9.88235294118,68,714,68,714,80,4,-8
2,-12.7058823529,9.88235294118,-9.88235294118,72,714,72,714,80,4,-8
2,-14.1176470588,11.2941176471,-8.47058823529,64,710,64,710,80,4,-8
2,-15.5294117647,15.5294117647,-4.23529411765,40,698,40,698,80,4,-8
2,-15.5294117647,14.1176470588,-4.23529411765,32,698,32,698,80,4,-8
2,-18.3529411765,15.5294117647,-2.82352941176,32,694,32,694,80,4,-8
2,-21.1764705882,14.1176470588,-2.82352941176,28,694,28,694,80,4,-8
2,-22.5882352941,12.7058823529,-2.82352941176,28,694,28,694,80,4,-8
2,-22.5882352941,12.7058823529,-2.82352941176,24,694,24,694,80,4,-8
2,-21.1764705882,12.7058823529,-1.41176470588,24,694,24,694,80,4,-8
2,-19.7647058824,11.2941176471,-2.82352941176,24,694,24,694,80,4,-8
2,-16.9411764706,9.88235294118,-2.82352941176,28,694,28,694,80,4,-8
2,-14.1176470588,8.47058823529,-4.23529411765,32,694,32,694,80,4,-8
2,-14.1176470588,7.05882352941,-4.23529411765,32,694,32,694,80,4,-8
2,-11.2941176471,2.82352941176,-7.05882352941,48,702,48,702,80,4,-8
2,-9.88235294118,0.0,-7.05882352941,56,706,56,706,80,4,-8
2,-8.47058823529,0.0,-7.05882352941,52,706,52,706,80,4,-8
2,-7.05882352941,0.0,-5.64705882353,44,702,44,702,80,4,-8
2,-5.64705882353,-1.41176470588,-4.23529411765,40,698,40,698,80,4,-8
2,-5.64705882353,-1.41176470588,-4.23529411765,36,698,36,698,80,4,-8
2,-5.64705882353,0.0,-2.82352941176,28,694,28,694,80,4,-8
2,-4.23529411765,0.0,-2.82352941176,28,694,28,694,80,4,-8
2,-4.23529411765,0.0,-2.82352941176,28,694,28,694,80,4,-8
2,-2.82352941176,0.0,-2.82352941176,28,694,28,694,80,4,-8
2,-2.82352941176,0.0,-2.82352941176,28,694,28,694,80,4,-8
2,-1.41176470588,0.0,-4.23529411765,32,694,32,694,80,4,-8
2,0.0,0.0,-2.82352941176,32,694,32,694,80,4,-8
2,0.0,0.0,-2.82352941176,28,694,28,694,80,4,-8
2,0.0,0.0,-2.82352941176,24,694,24,694,80,4,-8
2,0.0,0.0,-2.82352941176,28,694,28,694,80,4,-8
2,0.0,0.0,-4.23529411765,32,694,32,694,80,4,-8
2,0.0,0.0,-4.23529411765,32,694,32,694,80,4,-8
2,0.0,0.0,-4.23529411765,32,694,32,694,80,4,-8
2,0.0,0.0,-4.23529411765,32,694,32,694,80,4,-8
2,0.0,1.41176470588,-4.23529411765,32,694,32,694,80,4,-8
2,1.41176470588,4.23529411765,-4.23529411765,36,698,36,698,80,4,-8
2,2.82352941176,2.82352941176,-2.82352941176,32,694,32,694,80,4,-8
2,4.23529411765,1.41176470588,-2.82352941176,28,694,28,694,80,4,-8
2,5.64705882353,0.0,-2.82352941176,28,694,28,694,80,4,-8
2,7.05882352941,0.0,-2.82352941176,24,694,24,694,80,4,-8
2,8.47058823529,0.0,-2.82352941176,24,694,24,694,80,4,-8
2,8.47058823529,-2.82352941176,-1.41176470588,24,694,24,694,80,4,-8
2,9.88235294118,-1.41176470588,-1.41176470588,16,694,16,694,80,4,-8
2,11.2941176471,0.0,-1.41176470588,20,694,20,694,80,4,-8
2,11.2941176471,0.0,-2.82352941176,24,694,24,694,80,4,-8
2,11.2941176471,0.0,-2.82352941176,28,694,28,694,80,4,-8
2,9.88235294118,-1.41176470588,-2.82352941176,32,694,32,694,80,4,-8
2,9.88235294118,-2.82352941176,-2.82352941176,28,694,28,694,80,4,-8
2,11.2941176471,-4.2352941